Main_Type,AACCAAGGTATCAGGC-1,AACTATTCTGCGGCCT-1,AACTCAACCTTGACCA-1,AACTTCGCTTAGTCAG-1,AACTTGGTTACATAAC-1,AAGATACAGGCGAACG-1,AAGCAGCGGACACGTG-1,AAGGTGTCCATTAAGA-1,AAGTGGCGAAGTTAAT-1,AATACGAGAACACTCG-1,AATAGTATAGTTGTCG-1,AATAGTTGGTGCTCAG-1,AATGCGAACCTCGCGT-1,AATGGACATCCTACTC-1,AATGTAGTCTTACGAG-1,ACAGAATCCGTTGCTT-1,ACAGAATGTCTTATTG-1,ACAGGTTCAGTGAACG-1,ACAGTACGCACTACCT-1,ACATTGGTTCACAGTG-1,ACCACGGCCTCGCACC-1,ACCATTAGATCGTGGC-1,ACCGATTCCGGATACT-1,ACCGGCCTCAGGAGTT-1,ACCTAAGTGATAATCA-1,ACCTATGCTACCGGAT-1,ACGAACGCACGAGCAC-1,ACGATGACTATTAGAT-1,ACGCGTCGGTGAGGTT-1,ACGCTCAGTGCTATTC-1,ACGCTGCGATTAACGA-1,ACTCAGTGAGCCTCCA-1,ACTGCCGTTGGTGAGC-1,AGAAGCAGCCTAAGCT-1,AGACCGAACCGATGTC-1,AGACCGACCGCAGACA-1,AGACGGCCTTACGGAG-1,AGACGTAGGCGGACCG-1,AGACTCAGACAGATAA-1,AGACTCATTGCGGACA-1,AGACTCCGCTTCGTAT-1,AGATCTCCGCCTTATT-1,AGCACGAGATAACGGT-1,AGCATGCACCGCGTCA-1,AGCCAGCGTTACAGTC-1,AGCGGTGAGTGACATG-1,AGCGGTGCAGGCATCT-1,AGCGTGCTTCGCTCAT-1,AGCGTTATACCTGTTG-1,AGCTCAACATCGTCCG-1,AGGACCTGTACCATTC-1,AGGATCGAGCACCGCC-1,AGGCTGCAGCTCAGGC-1,AGGCTTAACCGATTGT-1,AGGTCTTCCATCGCCG-1,AGGTGGCTGTCGCCAA-1,AGGTTCCACGCCGAAG-1,AGGTTGAGTAGGAGAT-1,AGTCGCCACTCGGCGA-1,AGTCGGTCTAATCTGT-1,AGTGAGTATTCTAAGT-1,AGTGCCAGATGCTCTG-1,AGTGTACCTCTGTATG-1,AGTTCGTGCATGTCGA-1,ATAAGGAATAGAACAT-1,ATACATCAAGGATTGC-1,ATACGCTGAGATCAGA-1,ATACGGCGACTGGTCT-1,ATACTAGTAACTGAGT-1,ATAGTTAAGGCACGAG-1,ATAGTTCGCAGCCGTG-1,ATCGACAGCGGCAACA-1,ATCGCAATGCACTAAC-1,ATCGCAGTAATATCAG-1,ATCGCAGTCTATGGCA-1,ATCGTCTTAACGAAGG-1,ATCTACTCACATCTCC-1,ATCTGGATCCTCAGAC-1,ATCTGTACGCGTCTCC-1,ATGAGCTATTCGAAGA-1,ATGATATCTAGTCTTA-1,ATGCCGTTGTGAAGCG-1,ATGCTCCAACCTGGCC-1,ATGCTGCGCTGTTGCA-1,ATGGAGTCTTCGCAGT-1,ATGTAGGTTGGCGAGG-1,ATGTATCGGAATACGG-1,ATGTATGAGTACCGGA-1,ATGTCTGCGTTGCAGC-1,ATGTGCGTCTGAACAG-1,ATTACATTGAAGTATG-1,ATTACTGTACGCGGTG-1,ATTAGTGCTTGGTCAT-1,ATTATCCAGGTGAAGT-1,ATTCACGTCGCAGGCT-1,ATTCCGCAACGCCGCT-1,ATTCCGTAAGGATTCC-1,ATTCCTGCCTTAACAG-1,ATTCTACTGGTCGTTC-1,ATTCTAGTCCACAAGA-1,ATTGCAGTTCTTCATT-1,CAACTGCAGTGCAATA-1,CAACTGCATTCGACTC-1,CAACTGCTGGAGTTAT-1,CAAGGTCTCAATACAG-1,CACCTAGAATACTTCT-1,CACGATCATACAATTA-1,CACGTCCACGACCTAT-1,CACGTGCCAGAATTCT-1,CACTGGCCAGCCAGAT-1,CACTGGTGAGTTATCG-1,CAGAATTCTTGAACCA-1,CAGACAGTCGGATCTG-1,CAGATTCCGTATGCGA-1,CAGATTGCCTGTAAGT-1,CAGCCATGTCTGCCGT-1,CAGCCTCGTGGCTCAC-1,CAGTACAGTTGTGGAA-1,CAGTGAAGATACATAA-1,CATACAATGAGTAGCT-1,CATCAGATACTAATCG-1,CATCCGCCTAAGGAAC-1,CATGATGCATGTGCTA-1,CATGCATATGACGTCG-1,CATGTTACCGAAGGCG-1,CATTAGGCAATGGTTA-1,CCACATGGCGACGTCT-1,CCACGGTACACCAACC-1,CCAGACAATATCGTTA-1,CCAGCACTCGACTGAC-1,CCAGCGGATTCCGCTG-1,CCGATGGAACATCAGC-1,CCGCAAGTAGCGGACT-1,CCGCTCTGCTGAATTC-1,CCGCTGTTGCCATACG-1,CCGGCGCTAAGGATGA-1,CCTAATGGCACTGTTC-1,CCTACACCGACATTAC-1,CCTACCATGTGATCAC-1,CCTGAAGCGTATAGCA-1,CCTGCTCGCCGTCCAG-1,CCTGGCTTATGGTCTG-1,CCTGTCCTCAGTTGTA-1,CCTTAGTCTGTCACTG-1,CCTTCCAACCTTCAGA-1,CGAACTACAGATGTAA-1,CGAATGGACCGTCTTG-1,CGACAATTATTCTGTC-1,CGACTTCACTCGGCAT-1,CGAGCTTAGAATACCT-1,CGAGGAAGACTTAGAT-1,CGAGTCATCCGCACCA-1,CGAGTCCGTTGGAACT-1,CGAGTGCGGCTCGTGG-1,CGATAAGGATAGGCAA-1,CGATGAGGCCAACGTA-1,CGATGTCCGACTACAG-1,CGCACGTGACTGTTGG-1,CGCAGATAGATGTTCT-1,CGCAGATTCGACCGAA-1,CGCCTCGATAATGCGG-1,CGCCTTGTGAAGTCTA-1,CGCTCGCAATTGGCGA-1,CGCTCGGTACTGCGAA-1,CGCTGACATTGCGGTC-1,CGCTTATGGTTAGGAT-1,CGGAGTCTTACGTGAA-1,CGGCAACCTAAGTCCA-1,CGGTAGAACGTGACTT-1,CGGTAGATTCCTATGC-1,CGGTCCATTACAACTA-1,CGGTGAACTCACATTG-1,CGGTTACGTCCATGAA-1,CGTAGCCAAGTCCGTC-1,CGTAGTACGCATAATG-1,CGTCAAGGCGGAATGT-1,CGTCGGCAGACGGTAT-1,CGTTGGTCGTCACTGT-1,CGTTGTGAGCAAGTGG-1,CTAACGTTAGGCAATG-1,CTACATCTACTGGCTT-1,CTACCAGACCTCTTAG-1,CTATAACCAGCAGTAT-1,CTATGGCCAACGCCGG-1,CTCAATACGTTAACCG-1,CTCAATGACCATTAAG-1,CTCAGGTCACTACAGC-1,CTCAGGTCGTGCTCGC-1,CTCATATGATAACTAT-1,CTCATCCTGGCAAGTC-1,CTCCACGCTAGCTAGA-1,CTCCTACATTGTATCT-1,CTCGGTCTCCAACTGC-1,CTGAAGTGCTATGGCG-1,CTGAATTCGCGTAAGG-1,CTGGAACAATAGACAG-1,CTGGTAATTAATCTGG-1,CTGGTGCACGATCAAG-1,CTGTATCGGAAGCTCC-1,CTGTATCTTCGCCATA-1,CTGTATGGCTCAACAT-1,CTGTCACTCGGCCTTA-1,CTGTTCCAGAAGCTGA-1,CTTACGGTAAGCCGAA-1,CTTAGCAAGGACAGCC-1,CTTAGCCTAATGGTAA-1,CTTAGCTTCGCTGACC-1,CTTATTGAGTTCTGTA-1,CTTCCATAACCTTACG-1,CTTCCGACGCACAACC-1,CTTCGATAACATTGGT-1,CTTCGATACTCCGACC-1,CTTCGTCAAGACTCGT-1,GAACAGATAACCTTAA-1,GAACGCTAGAAGGCTA-1,GAATAAGGAGAACTAA-1,GAATCATAGTCTGAAG-1,GAATGACACGACTAGG-1,GACAACTTAACCAACC-1,GACAATTGTATGCTTC-1,GACAGTCACTTCGCTC-1,GACCTGCTGTACGAAG-1,GACGGTACCTGGCCGT-1,GACGTCTTATCTCAGC-1,GACTTCATACCGCTGT-1,GAGCGAATCGGTAGAA-1,GAGCTACAAGATCAAG-1,GAGGATACCAGGTACG-1,GAGGTAACTGCGAGAC-1,GAGGTGCATTCGGATC-1,GAGGTGGCTCGAGGTT-1,GAGTCCACTCATAACA-1,GAGTTACTCAATGGAA-1,GATAGCTAATGGATAG-1,GATATCTTGTGACACG-1,GATCCACCGCGTGCAA-1,GATGCCTAGAGTCTGT-1,GATTATGTGACATGAT-1,GATTCCGTGCGTATAC-1,GATTCGCCATGTATCA-1,GATTGTCGCAACGAGG-1,GCAAGATAGGTTAACT-1,GCAATCCTCGAGCGTT-1,GCACCTTACTGGCTAC-1,GCACGCATAGGCGATC-1,GCAGATACGTTGAACG-1,GCAGATCCTAATGTGG-1,GCAGATCGGTAATTAT-1,GCAGGCAGTGATCTAC-1,GCAGGCCATTCCTGCC-1,GCATGACGGATTATCA-1,GCATGCTGAGACAGGT-1,GCATTGACTACAGCGA-1,GCCAGTAGACGATACC-1,GCCGGCGTGAACTTGC-1,GCCGGTATGCTCATGC-1,GCCTGGTCAGGTTGCC-1,GCGAATAGTGGCTAAT-1,GCGACACTAAGCTAAG-1,GCGACAGTGCCGCACC-1,GCGAGCGGTTGTCATG-1,GCGATGACCGTGTAAT-1,GCGGTCCTGTAGTCTG-1,GCGGTGGCCGACGCAT-1,GCGTCGGTCACGCCAG-1,GCGTCGTAGGCTCATC-1,GCTGACTTGTCTCAAT-1,GCTGAGTGTTCAACCG-1,GCTTACATGTTGCGCT-1,GCTTCTCAGACCGCCT-1,GCTTGGTCAACCGTGG-1,GGAATCCTTAGACTGT-1,GGACCGCTTCCTGGCA-1,GGACGTCGCACGAGAA-1,GGACGTTAGATATTAC-1,GGAGAAGCCAAGCGCT-1,GGAGCGAGTGTAACTT-1,GGAGCGGCACCTCGTA-1,GGAGGTCGTAGGAGCT-1,GGAGTCTAAGTGGTCC-1,GGCATTGCTAAGAATG-1,GGCCTTCGACCAGGTA-1,GGCGAGGCAGCCTACT-1,GGCTGACGCCGAATCA-1,GGCTGTTCAATGTCAA-1,GGTAAGGCGACGATGA-1,GGTCTGAAGTATGTCA-1,GGTCTGCGAACTGTAT-1,GGTCTGGTTGTAGAAC-1,GGTCTTATAGGCTGGC-1,GGTCTTGAACCGGCCA-1,GGTGCAATCAGACTTC-1,GGTGCAGGCACCGCGT-1,GGTTCACCGACTCACG-1,GTAACATACACCTGTT-1,GTACAGATGACATCGC-1,GTACTTACTTCATACC-1,GTAGAAGGACATCATA-1,GTAGCAGAACATGGTG-1,GTAGCCTAAGGTTAGT-1,GTATCTGTCAACGGTG-1,GTATTAGGTTATCTGC-1,GTATTATGAGTTAGCG-1,GTATTCTAAGTGCTGT-1,GTCAACAGTTAAGTGA-1,GTCACTAAGCCAGCGG-1,GTCACTTACGTGTATG-1,GTCACTTATGTCGTAT-1,GTCAGCCAACATCACG-1,GTCAGCCTCCGAACCT-1,GTCGAGTGATTACTGT-1,GTCGCTAAGTGAGGTT-1,GTCTCATGACTAGTTG-1,GTCTGATATCTGAATT-1,GTCTTGCGGCGATTCA-1,GTCTTGCTCAGATTAC-1,GTGAAGTGATCGTGCT-1,GTGACTGTCCTGGTAT-1,GTGCAACGACGGTGTT-1,GTGCAGCCGGTCTGCA-1,GTGCAGTTGTGGCGCT-1,GTGGTTGCCGCTTCAA-1,GTTATTGCTGAATCCG-1,GTTCATACCTTGGTTA-1,GTTCTTGATCTGTTGA-1,GTTGACTAGAGCACGT-1,GTTGAGCTTCGTCCGG-1,GTTGCCACAAGTCATA-1,TAACAGGTCCATACCA-1,TAACGCTTATGCCATA-1,TAACGCTTCGGCACTT-1,TAAGAATATGAGATAG-1,TAAGATTGCTCACTTC-1,TAAGGTACGGATAGTG-1,TAATACCGTTAATTGC-1,TAATAGCGCTGTACTC-1,TAATTACCGGTGCGAG-1,TACACTGCAGGTTAGA-1,TACACTTCGCACCGAT-1,TACTCCGAAGTAGAAT-1,TAGACATACGTCTAAT-1,TAGAGGCGATTGATTC-1,TAGATGCGTGCCAGCG-1,TAGCAGTGATTCTGTC-1,TAGCGTCACGACAGGC-1,TAGGATGCACCGTTCA-1,TAGGTCTTGGCTCGTC-1,TAGTGCAGTGCGGTAG-1,TAGTTCCGATAGAATC-1,TAGTTCGAGTAGGAAG-1,TATCACCGGCATCGTG-1,TATCACTTCGAGCCGT-1,TATCCACTTGCGTATC-1,TATGAGTTCCGAGTGA-1,TATGTTGGCGAGAACA-1,TCAACCGGAGACCTCG-1,TCACCATAGATTGTTA-1,TCAGAATCTAATAGTC-1,TCAGATTACCAGGTTA-1,TCAGCTCGCCAGGATG-1,TCAGGAGCAACGGTCG-1,TCAGTCCAACGGAAGT-1,TCAGTCGCCAAGGTTG-1,TCAGTTCTCCGGACCG-1,TCAGTTGACAGTGCCA-1,TCATAGCTTCCAGTAC-1,TCATAGGTGAGTCGAC-1,TCATTCACTGTAATGG-1,TCCAACGTGGTTGTTC-1,TCCAATCTAACACGCA-1,TCCGAACATAGTCTGA-1,TCCGAATCATGTTGTC-1,TCCGAGTACGACTTAG-1,TCCGCCAACATTGCTC-1,TCCGCCAGTGATTAAT-1,TCCGTGTCTTACATAA-1,TCCTACCGGTTCCTAG-1,TCCTATGAGGATTGTT-1,TCCTGGTGGCAATAGC-1,TCGAATTAGTTACTCC-1,TCGAGCTGGTTGCCGA-1,TCGATCCAGTCTGTAG-1,TCGATCTAATGTTAGT-1,TCGCCTATCGACTCCT-1,TCGCCTGACGGCCACT-1,TCGGAACGTCTGCAAG-1,TCGGACATTCTATGAG-1,TCGGACCAGGATCGCC-1,TCGTATCGGTCTCCTT-1,TCGTCCAGCATGGCTT-1,TCGTTAGCCAGGCCAG-1,TCTACAACTGGAACTT-1,TCTAGAATTGCGGTTG-1,TCTGCAATTCACAAGA-1,TCTGCCTGGATGTCAG-1,TCTGCGTGCTATTCTA-1,TCTGTCACCGTTAATA-1,TCTTACTCTGTATGCG-1,TCTTAGTCGTCTCGGC-1,TCTTCGCCATTCGAAT-1,TGAACGGACACGTATC-1,TGAATTCGTGGTATAA-1,TGACCATGTACACTCA-1,TGACGGAGCGCTATAC-1,TGAGCCGCGTGATCAT-1,TGATCCGCACTCCTTA-1,TGATGGCCGGCATCGC-1,TGCAACGTTACCTGGT-1,TGCAGACAATACTGTT-1,TGCATTCTTACGGAGG-1,TGCATTGCTGTCGGCG-1,TGCCAGTGATTCGTGC-1,TGCCTACGCAGGCTGC-1,TGCCTATCAATGCCAT-1,TGCGAATTCTCCGCAC-1,TGCGATTAGCTCCGCC-1,TGCGGATCGGATCTTA-1,TGCGTTATGTTCCGGA-1,TGCTGTGAAGTCAAGA-1,TGGATCATTGTAACGG-1,TGGATCCAGTCACTTC-1,TGGCAAGCGACACTTA-1,TGGCCAAGCTGGCACC-1,TGGCCTGACATACTCA-1,TGGCCTGGCACTGTGG-1,TGGCGAGCCACTAGCG-1,TGGTCGCCGGCTTACT-1,TGGTTGGCGAAGCCTT-1,TGTAAGATCTTCACAT-1,TGTAATCATATGAGAC-1,TGTACCACATACTGGT-1,TGTAGGTCACTACATG-1,TGTCATGCATGAGCAC-1,TGTCTTGGAATTGGCA-1,TGTTCAGAACGGTGTA-1,TGTTCCTCACATTAAT-1,TGTTGGCCTACACGTG-1
ATL,0.0,0.0,0.0,0.0,0.0,0.0,0.0,0.0,0.0,0.0,0.0,0.0,0.0,0.0,0.0,0.0,0.0,0.0,0.0,0.0,0.0,0.0,0.0,0.0,0.0,0.0,0.0,0.0,0.0,0.0075482594588715,0.0,0.0,0.0,0.0,0.0,0.0,0.0,0.0,0.0,0.0,0.0,0.0,0.0,0.0,0.0,0.0,0.0,0.0,0.0,0.0,0.0,0.0,0.0,0.0,0.0,0.0,0.0,0.0,0.0,0.0,0.0,0.0,0.0,0.0,0.0,0.0,0.0,0.0,0.0,0.0,0.0,0.0,0.0,0.0,0.0,0.0,0.0,0.0,0.0,0.0,0.0,0.0,0.0,0.0,0.0,0.0,0.0,0.0,0.0,0.0,0.0,0.0,0.0,0.0,0.0,0.0,0.0,0.0,0.0,0.0,0.0,0.0,0.0,0.0,0.0,0.0,0.0,0.0,0.0,0.0,0.0,0.0,0.0,0.0095547977815601,0.0,0.0,0.0,0.0,0.0,0.0,0.0,0.0,0.0,0.0,0.0,0.012402470710919,0.0,0.0,0.0135662606554831,0.0,0.0,0.0,0.0,0.0,0.0,0.0,0.0,0.0,0.0,0.0,0.0,0.0,0.0,0.0,0.0,0.0,0.0,0.0,0.0,0.0,0.0,0.0,0.0,0.0,0.0,0.0,0.0,0.0,0.0,0.0,0.0,0.0,0.0,0.0,0.0,0.0,0.0,0.0,0.0,0.0,0.0,0.0,0.0,0.0,0.0,0.0,0.0,0.0,0.0,0.0,0.0,0.0,0.0,0.0,0.0,0.0,0.0,0.0,0.0,0.0,0.0,0.0,0.0,0.0,0.0,0.0,0.0,0.0,0.0,0.0,0.0,0.0,0.0,0.0,0.0,0.0,0.0,0.0,0.0,0.0,0.0,0.0,0.0,0.0,0.0,0.0,0.0,0.0,0.0,0.0,0.0,0.0,0.0,0.0,0.0,0.0,0.0,0.0,0.0,0.0,0.0,0.0,0.0,0.0,0.0,0.0144967535977808,0.0,0.0,0.011913678888432,0.0,0.0,0.0,0.0,0.0,0.0679927294488411,0.0,0.0,0.0,0.0,0.0,0.0208808483051544,0.0,0.0,0.0,0.0,0.0,0.0,0.0,0.0,0.0,0.0,0.0,0.0,0.0,0.0,0.0,0.0,0.0,0.0,0.0,0.0,0.0,0.0,0.0,0.0,0.0,0.0,0.0,0.0,0.0,0.0,0.0,0.0,0.0,0.0,0.0,0.0,0.0,0.0,0.0,0.0,0.0,0.0,0.0,0.0,0.0,0.0,0.0,0.0,0.0,0.0,0.0,0.0,0.0,0.0,0.0,0.0,0.0,0.0,0.0,0.0,0.0,0.0,0.0,0.0,0.0,0.0,0.0,0.0,0.0,0.0,0.0,0.0,0.0,0.0,0.0,0.0,0.0,0.0,0.0,0.0,0.0,0.0,0.0,0.0,0.0,0.0,0.0,0.0,0.0,0.0,0.0,0.0,0.0,0.0,0.0,0.0,0.0,0.0,0.0,0.0,0.0,0.0,0.0,0.0,0.0,0.0,0.0,0.0,0.0,0.0,0.0,0.0,0.0,0.0,0.0,0.0,0.0,0.0,0.0098866388820185,0.0,0.0,0.0,0.0118297216893009,0.0,0.0,0.0,0.0,0.0,0.0,0.0,0.0,0.0,0.0,0.0,0.0,0.0,0.0,0.0,0.0,0.0,0.0,0.0,0.0,0.0,0.0,0.0,0.0,0.0,0.0,0.0,0.0,0.0,0.0,0.0,0.0,0.0,0.0,0.0,0.0,0.0,0.0,0.0,0.0,0.0,0.0,0.0,0.0,0.0,0.0,0.0,0.0,0.0,0.0,0.0,0.0,0.0,0.0,0.0,0.0,0.0,0.0,0.0,0.0,0.0,0.0,0.0
CNT,0.0,0.0216481600386498,0.0445695089467536,0.0,0.0,0.0,0.0,0.0,0.0266102157224275,0.0,0.0,0.0606580834431893,0.0842180173203009,0.0355653876955117,0.0,0.0,0.0,0.0,0.0,0.0147112063657153,0.0461956786391271,0.0160787304210065,0.0,0.0190614436671522,0.0014942590648639,0.0,0.0,0.0171377792741359,0.0,0.0,0.0,0.0238377068460315,0.175524603515751,0.0,0.0831502503318791,0.0,0.0,0.0176309452613736,0.0,0.0155294746786213,0.0,0.0,0.0835072842784896,0.0,0.0,0.0450832791917538,0.0,0.0,0.0,0.0,0.0,0.137665209522721,0.0217875696636297,0.0,0.0,0.0396586185172008,0.0,0.0,0.0,0.0,0.0024610042859955,0.0302098561660924,0.0873778965562689,0.0,0.0814814091766477,0.0,0.0167682774161142,0.0,0.0014983606417358,0.0,0.0,0.038365600558795,0.0,0.120993230630688,0.0244854654269817,0.0,0.0314104282059769,0.0,0.0312395483003597,0.0,0.0100349391758363,0.0,0.23311006517869842,0.0,0.0,0.0108362115437649,0.0,0.0,0.0310750321240591,0.0182365155430028,0.0,0.115384420365206,0.0153757994656785,0.0146438067347401,0.0,0.1100185929381,0.0255286903582914,0.0,0.0,0.037820271739438,0.0,0.0102832675436442,0.0,0.0176738084562199,0.0,0.0,0.0,0.0304650873558809,0.0,0.0,0.0,0.0,0.0129457840333543,0.0801024318218788,0.0198868056431244,0.0260984025839142,0.0,0.0,0.0588460323991035,0.0,0.0886516851673584,0.0,0.0,0.0,0.0,0.0,0.0158528982938897,0.07757654151533461,0.0,0.0,0.0,0.0,0.0145840846921693,0.0,0.0155101353808096,0.0204905951267959,0.0635703526436423,0.0,0.0758767018275581,0.0121348756386102,0.0,0.0,0.0,0.0,0.0,0.0,0.0,0.0024021599042069,0.0271875071269275,0.0156221206643445,0.0,0.0286098636491799,0.0,0.0,0.0,0.0,0.0135062495409217,0.0,0.0379329088623252,0.0,0.0,0.0,0.0,0.0825325177370757,0.0,0.0,0.0,0.0114986463564517,0.0085045658556822,0.0849627691531037,0.0,0.0,0.0,0.0,0.119803398685017,0.0,0.0,0.1332033521984464,0.0,0.0702599529877388,0.0,0.0617309354505911,0.0,0.0,0.0,0.079273078005252,0.0593263889012039,0.0,0.0175397852818903,0.045634225220826,0.0,0.0,0.0,0.0,0.0070006468117729,0.0,0.0,0.0150584965437455,0.0,0.0,0.0,0.0,0.0,0.0,0.0,0.0,0.0,0.0,0.0211367055194647,0.0,0.0082852082950755,0.0,0.0526698141964476,0.0,0.0,0.0,0.0,0.0,0.0,0.0,0.0,0.0,0.0852305963137219,0.0,0.010509036989143,0.0,0.0,0.0545373160544233,0.0,0.0,0.015847965768993,0.0,0.0416947737054867,0.0084822683838078,0.0,0.0,0.0,0.0,0.0293144501838355,0.0,0.0,0.0,0.0,0.0,0.0,0.0136823413294058,0.0,0.158654230725604,0.0,0.0598198903214495,0.0,0.0,0.0,0.0575544514450095,0.0,0.0,0.0,0.011474708750352,0.0,0.0,0.0536197602917535,0.0622166817557114,0.0541700704272077,0.0280103061376005,0.0,0.0,0.0,0.0,0.0,0.0597125979969908,0.059843034938640904,0.0,0.0,0.0,0.0,0.0,0.0,0.0241326141017643,0.0,0.0421136130016314,0.0330745242731902,0.0921120448549338,0.0790189267781717,0.0,0.0,0.0,0.0,0.0,0.0,0.0,0.0,0.0197052428298775,0.0,0.0,0.0,0.0,0.0,0.0,0.0,0.0,0.0,0.0,0.0,0.0,0.0244920468414201,0.0,0.0,0.0,0.0,0.0,0.0,0.0802711948452072,0.0,0.0015908077898785,0.0,0.0355946293265794,0.0,0.0,0.0,0.0,0.0,0.0234469168895174,0.0295408870095784,0.0301557607263624,0.0313994678205079,0.0030006173837716,0.0,0.0,0.289296289547391,0.0,0.0,0.0,0.0,0.0,0.0,0.0745927332925566,0.0542615858095941,0.0247680060953943,0.0,0.0486216131613603,0.0,0.0,0.1318753397941182,0.0,0.0214763939265707,0.0,0.0,0.0,0.0,0.061452206788309,0.0,0.0086977549328058,0.1300742640098528,0.0168185548605734,0.0,0.0,0.0083865507566135,0.0,0.0495863920552726,0.0,0.0322134303543994,0.0,0.0,0.0,0.0,0.0,0.0140392290839259,0.0,0.0,0.08296239462202651,0.0,0.0,0.0187836987949985,0.0,0.0,0.0,0.0,0.0,0.0737743099944257,0.0,0.0,0.0,0.0,0.0,0.0,0.0,0.0,0.0190765630927429,0.0,0.0492547098652594,0.0128631384373542,0.0448174499984395,0.0,0.0,0.0,0.102510521707537,0.146623783151395,0.0381888840176958,0.0514572471040643,0.0,0.043648754503158,0.0,0.03171480230162,0.0,0.0,0.0079591404051687,0.0,0.0,0.0,0.0,0.0,0.0124040557184601,0.0,0.0,0.0,0.0,0.0,0.0,0.0,0.0334628670965099,0.0,0.0,0.0,0.0,0.0,0.0,0.0134569744348072,0.025769887731442,0.0732463755358487,0.0,0.0,0.0,0.0651301233580749,0.0,0.0651850917886472,0.0101988370004217,0.0
DCT,0.0,0.095771466968692,0.0138243442735142,0.0,0.0,0.0,0.0,0.0,0.0303353433370293,0.0,0.0,0.0,0.0,0.0,0.0,0.0,0.0,0.0,0.0,0.0,0.7951395794135657,0.0,0.0,0.8521937202917658,0.0,0.0,0.0,0.0,0.0,0.0,0.0,0.0,0.0,0.0037385875136218,0.0,0.0,0.0,0.0,0.0128555499656075,0.0131762983061715,0.0,0.0223289443771006,0.144925653418072,0.0,0.0,0.145220925774658,0.0,0.0,0.0,0.0,0.0,0.350972002888884,0.192918864971824,0.0,0.0,0.0365945588296802,0.0,0.0,0.0,0.0,0.0,0.0139930892213903,0.0,0.0,0.0,0.0,0.390054666971786,0.0,0.0,0.0,0.0,0.0,0.0,0.579598937307018,0.0343873698518348,0.0556293339488554,0.0,0.0,0.0572717440120054,0.0,0.0170720313891958,0.0,0.0,0.0,0.0,0.0156396688802612,0.0,0.0,0.0050493899735388,0.0127212431482668,0.0,0.0,0.0858380340967999,0.0,0.0,0.595180874478771,0.0081846984104549,0.0,0.0,0.767353349748857,0.0,0.0117321316628597,0.0,0.553468776192331,0.0,0.0,0.0,0.0,0.0,0.0196070359006469,0.0,0.0,0.0109930366258086,0.0,0.0257246382116246,0.8572267932390574,0.0,0.0,0.0,0.0,0.0410844111448211,0.0,0.0,0.0,0.0,0.0,0.0,0.0,0.0189433440642473,0.0,0.0,0.0,0.0,0.0,0.0804290224846027,0.0,0.0,0.0,0.202002717455091,0.0,0.0,0.0,0.0,0.0,0.0,0.0,0.0,0.0167137660553626,0.0,0.0,0.0,0.0,0.0,0.0,0.0,0.0,0.0114686862136573,0.0,0.0,0.0,0.0,0.0,0.0,0.0,0.0,0.0,0.0,0.0097527461111316,0.0,0.0,0.0,0.0,0.0,0.0298977277055828,0.0142080000652423,0.0,0.0,0.0,0.0,0.0,0.0,0.0,0.0,0.0,0.0,0.0371813979680741,0.8933649165039131,0.0,0.0,0.0,0.0,0.0,0.0,0.0,0.0171920619396413,0.0,0.0,0.0,0.0,0.0,0.0,0.0,0.0,0.0,0.0,0.0,0.0,0.0,0.0848435563748265,0.0,0.0128615416006762,0.0,0.005795538335306,0.0,0.0,0.0,0.0,0.0,0.0,0.0,0.0,0.0,0.0,0.0,0.008905332099007,0.0,0.0171861690462744,0.0226164475592409,0.0,0.0,0.0134621495864054,0.0,0.0695559303570978,0.0,0.0,0.0,0.0,0.0,0.0,0.0,0.0,0.0,0.0,0.0,0.0,0.0,0.0,0.424692947010445,0.0,0.0197657298574317,0.0,0.0,0.0,0.0073462105075726,0.0,0.0,0.0,0.0,0.0155810440794627,0.0,0.101157024366363,0.0118510380216695,0.0156151757323718,0.073177629363395,0.0,0.0,0.0,0.0,0.0,0.0,0.0,0.0,0.0,0.0,0.0,0.0,0.0,0.01012279932807,0.0,0.0,0.055359115900819,0.0,0.742882814097089,0.0,0.0,0.0,0.0,0.0,0.0,0.0,0.0,0.0152723843694277,0.0,0.0,0.0,0.0,0.0,0.0,0.0,0.0,0.0,0.0,0.0,0.0,0.8677335309651989,0.0,0.0,0.0,0.0,0.0082568386093291,0.0,0.0203084080863737,0.0,0.0081266885556437,0.0,0.0299469794210732,0.0,0.0,0.0,0.0,0.0,0.39558188578508,0.0856617990078071,0.0921142547686348,0.0,0.008901769280018,0.0,0.0,0.5669160511317686,0.0,0.0,0.0,0.0,0.0,0.0,0.0,0.0,0.0105583363806483,0.0,0.745073940050475,0.0,0.0421041006352913,0.0,0.0,0.5747628622980253,0.0222259650284105,0.022367927502561,0.0,0.0,0.0,0.0160371663837065,0.0099262264051594,0.0,0.0,0.0,0.0,0.0,0.0,0.0,0.0,0.051849882529524,0.0,0.0,0.0,0.0,0.0,0.0,0.0,0.0,0.0,0.0,0.0,0.0,0.0,0.0,0.0,0.0,0.0,0.0158564023153035,0.0,0.0,0.0,0.0,0.0,0.0,0.0081589157346004,0.0034432030634887,0.101345771140581,0.0,0.0363287547759633,0.0168418958706735,0.8070513538120456,0.0,0.0,0.0,0.0,0.0203581291765778,0.0,0.0318615948636785,0.0,0.83710450892976,0.0,0.0,0.0,0.0,0.0,0.0,0.0,0.0070965339109035,0.0,0.0,0.0,0.0,0.0,0.0,0.007811174375167,0.0,0.0,0.0,0.0341148417364842,0.0,0.0,0.0112115531755572,0.0,0.0,0.0,0.011406061025969,0.0293436155420682,0.0,0.0,0.0,0.0,0.533029717638999,0.0,0.0,0.0,0.0
DTL,0.0,0.0,0.0,0.0,0.1927084028994,0.0,0.0,0.0,0.0,0.0,0.0,0.0,0.0,0.0,0.0118854605925118,0.0,0.0,0.0,0.0,0.0,0.0,0.0,0.0,0.0,0.0,0.0117486310447584,0.0,0.0,0.0,0.0,0.0063021938877361,0.0,0.0,0.0,0.0,0.0,0.0,0.0,0.0,0.0,0.0,0.0,0.0,0.0881656757469083,0.0,0.0,0.0,0.0,0.0,0.0,0.0,0.0,0.0,0.0,0.0,0.0,0.0,0.0,0.0,0.0,0.0,0.0,0.0,0.0,0.0175405381399486,0.0,0.0,0.0,0.0,0.0,0.0,0.0,0.0,0.0,0.0,0.0,0.0,0.0,0.0,0.0,0.0,0.0,0.0,0.0,0.0565214514294168,0.0,0.0,0.0,0.0,0.0,0.0,0.0,0.0,0.0,0.0,0.0,0.0,0.0,0.0,0.0,0.0082225480799014,0.0,0.0,0.0,0.0,0.0187169168445968,0.0,0.0,0.0,0.0,0.133936405070025,0.0,0.0,0.0,0.0,0.0,0.0,0.0,0.0954730171853065,0.0255022277698227,0.0,0.0,0.0,0.0,0.0,0.0215911791690977,0.0,0.0,0.0375664976594013,0.0,0.0231648457369793,0.0,0.0251895916220586,0.0,0.0,0.0,0.0,0.120667343842192,0.0,0.0247795705294008,0.0,0.0,0.0,0.0,0.0,0.0,0.0,0.0,0.0,0.0,0.0,0.0,0.0816750443796462,0.0,0.0,0.0,0.0,0.0,0.0,0.0,0.0,0.0,0.0048793245238332,0.0,0.0,0.0,0.0,0.0,0.0,0.0,0.0888862488363144,0.0,0.0,0.0187870035682451,0.0,0.0,0.0,0.0,0.0,0.0,0.0,0.0,0.0,0.0,0.0,0.0,0.0,0.023308997381188003,0.0,0.0,0.0,0.0,0.0,0.0,0.0,0.131524545626402,0.0,0.0348784511357249,0.0,0.0,0.0513057968064637,0.0,0.0,0.0,0.0,0.0,0.0,0.0,0.0,0.0,0.0,0.0,0.0,0.0,0.0,0.0,0.0,0.0,0.0,0.0,0.0,0.0,0.0,0.0,0.0,0.0158669186920304,0.0,0.0,0.0,0.0,0.0,0.0,0.0,0.0,0.0,0.0734460179786948,0.0,0.0,0.0391691758437824,0.0,0.0,0.0,0.0212651518623618,0.0,0.0387192899350536,0.0121730564316205,0.0,0.0,0.08325747311412,0.0,0.0334401162565941,0.0,0.0,0.0,0.0,0.0,0.0,0.0,0.0,0.0,0.0,0.0,0.0,0.0,0.0,0.0,0.0,0.0,0.0116146886650513,0.0,0.0,0.0,0.0,0.0485400154824342,0.0,0.0165576838904033,0.0,0.0,0.0,0.0,0.0,0.0,0.0,0.0,0.111283548387023,0.0,0.0,0.0,0.0,0.0,0.0,0.0,0.0,0.0,0.0,0.0586388152948728,0.0,0.0,0.0,0.206500012999934,0.0,0.0,0.0132873526120013,0.0,0.0,0.0,0.0100843586197077,0.0,0.0,0.0,0.0,0.0,0.0,0.0,0.0,0.0,0.0108839264726133,0.0,0.0,0.0,0.0,0.0,0.0257682204434401,0.0,0.0,0.0,0.170312412576655,0.0,0.0,0.0,0.0,0.0,0.0,0.0,0.0,0.0,0.0,0.0,0.0,0.0,0.0,0.0,0.0,0.0269713974301832,0.0,0.0,0.0,0.0,0.0,0.0,0.0,0.0,0.0,0.0,0.0,0.147631862045012,0.0094218262548811,0.06938597789564,0.0,0.0,0.0,0.0,0.0,0.0,0.0,0.0,0.0,0.0,0.104541693893499,0.0,0.0,0.0202110440017745,0.0,0.0277697031575524,0.0,0.0,0.0055439295074278,0.0,0.0,0.0598658972747951,0.0,0.0,0.0,0.0,0.0,0.0,0.0,0.0,0.0367856646923225,0.0,0.0,0.0,0.0,0.0,0.0,0.0,0.0,0.0,0.0,0.0,0.0,0.0,0.143009569864887,0.0,0.0,0.0100177840013975,0.0,0.0,0.0,0.0,0.0,0.0,0.0,0.0,0.0,0.0195116669495168,0.0688785202328754,0.0,0.0085822056059539,0.0,0.0,0.0233611935664487,0.0,0.0,0.0,0.0,0.0,0.0,0.0,0.0,0.0,0.0,0.0,0.0166591920469848,0.0,0.0,0.0
EC,0.0408033411910876,0.0183551746726177,0.0213249186903098,0.0,0.0,0.0383305886198979,0.0,0.0,0.0904773657748159,0.1450461769348374,0.1274565350064337,0.0,0.0,0.0092103839845008,0.0,0.0,0.0,0.0,0.0,0.0,0.0,0.0,0.0336488456707919,0.0,0.0104627409914085,0.0,0.0,0.0,0.0,0.038931616161391,0.0,0.1839986274681234,0.0,0.0,0.0,0.0,0.0091761832399723,0.0,0.0,0.0,0.0,0.0,0.0683617423083767,0.0,0.0,0.0454545022493066,0.0,0.0266977101089697,0.0,0.0,0.0,0.0192123747976058,0.0135359057277171,0.1503605369439288,0.0,0.0418305157907706,0.0,0.0,0.0,0.645349312182923,0.0112411980455044,0.0139688792251629,0.0,0.0,0.0,0.039452069456788405,0.08881368904811571,0.0,0.0532390554686512,0.11034348141258579,0.0233918667267474,0.0,0.6778905309404877,0.0109595005151739,0.07994547838821639,0.0,0.0,0.0,0.0396450695314979,0.0163876701345026,0.10225243001223011,0.0,0.0,0.0,0.0,0.0246981127356975,0.0,0.691880474856575,0.0,0.0476900604957163,0.40311891438214636,0.0,0.033854989200716196,0.0,0.0346918398365745,0.0,0.0,0.0,0.0126693112132244,0.0,0.0,0.015609962565092,0.0,0.0,0.0,0.0,0.0,0.0,0.0178218957423403,0.0188957488579308,0.0,0.0,0.0,0.036841613525149,0.0279088214892174,0.0,0.0,0.0,0.0,0.0,0.0142121376988222,0.0,0.0,0.0,0.2490870725370907,0.0,0.0,0.0,0.0220032097795893,0.0,0.0,0.0,0.0,0.6513863577012253,0.0163863875657673,0.0,0.0295486355356118,0.0,0.1076034440241676,0.0,0.0336952818468377,0.0,0.062519841049533,0.0,0.1401320882185008,0.0,0.0,0.0124942689228409,0.0,0.0,0.0,0.0,0.0,0.6959395392786955,0.07160998805408689,0.0,0.0101754388000825,0.0,0.0,0.0,0.0,0.0,0.0,0.0,0.0,0.0,0.0,0.0,0.0,0.0,0.0,0.0,0.1711931521934947,0.0192998330256602,0.0,0.1996524346653733,0.0,0.0,0.030239635762459,0.0,0.436719727300383,0.0,0.05687111931952821,0.0860552691288688,0.640776634959456,0.0,0.0,0.0,0.0178027258302415,0.0,0.0430403043352098,0.0520974705794016,0.0,0.0,0.0,0.0,0.0131286396562698,0.0,0.069516889762121,0.0082490837689161,0.0,0.0,0.0,0.283580435501576,0.0,0.0,0.0,0.0176006007582119,0.0211146721339585,0.0161411944268877,0.08916210304151351,0.0,0.0406620250683939,0.648218886008756,0.234130359312123,0.0,0.0,0.0,0.0375165126483433,0.0197724982224826,0.0354461150565522,0.0536869287723522,0.0,0.11038171697965579,0.0,0.0,0.0,0.0126760957916162,0.0756914682615248,0.3321204919682405,0.0,0.0,0.073341035210538,0.056479579151215195,0.0658132629068251,0.0023802999526838,0.0,0.0,0.0,0.0,0.0,0.0120124234920797,0.0041121318577344,0.612115596314958,0.0434996078045955,0.0,0.0194880722812582,0.0094940173950258,0.0,0.0178895547112053,0.0467301547417138,0.0634167745222234,0.0,0.0,0.0,0.0083822865642293,0.0354766503512043,0.0,0.0,0.0,0.0791397947955553,0.0,0.0119684511309068,0.0,0.0,0.0,0.0080791412691046,0.0,0.0,0.0,0.0,0.0,0.253594454342225,0.0,0.0,0.0,0.0307135497438876,0.0,0.0,0.014170763158946,0.0,0.0,0.0,0.0,0.0,0.07460378021843231,0.0,0.0069979231528038,0.0,0.0198730194405939,0.0,0.0597232992701042,0.0,0.0,0.0,0.0,0.1936728971735005,0.009277238784387,0.11922012452019759,0.0,0.1075046091824873,0.0,0.0076520621346266,0.0,0.0,0.027364451139837202,0.0,0.0079569144370361,0.0,0.1877326758657051,0.0,0.020146686358948,0.0,0.057494468586412,0.686544038421549,0.0198235542388644,0.0,0.0,0.13797098601116942,0.0,0.0,0.0,0.0307327226556171,0.0,0.0,0.0,0.0,0.06241194862278421,0.0,0.0,0.0,0.7197337169342608,0.0,0.207999689298975,0.0,0.0388871855716256,0.0,0.0,0.0,0.0,0.0,0.0455583367693541,0.0,0.0,0.0,0.0624269096046811,0.0,0.0,0.0,0.0,0.0,0.0118878747168335,0.0,0.0,0.0093186876519514,0.0,0.0,0.0,0.0,0.0123608078626732,0.0,0.042787770621912705,0.695983255779082,0.0,0.0411801618126457,0.0105630184736297,0.0,0.655490582366094,0.0,0.0,0.0,0.0,0.0,0.0031563651133953,0.0,0.0,0.0,0.0,0.0139221717484457,0.0,0.2234469229330852,0.0736519642007053,0.0,0.0295069067963476,0.0,0.0936325199299653,0.1486520858664346,0.09654851900219599,0.0,0.0,0.0,0.0,0.0,0.0257878804452985,0.0152321263651993,0.0,0.0,0.0,0.030620443183063298,0.0,0.0,0.0375007142432152,0.0,0.1276471911680374,0.0,0.0,0.0,0.11363981408887269,0.0772630522581928,0.0,0.0166642905753819,0.0,0.0,0.0,0.1368936954442781,0.094169495706975,0.0,0.0,0.0,0.0027372069629867,0.1822218606944882,0.0,0.0432717323412843,0.0098863549297515,0.0,0.0538815116889247,0.0682032133437791,0.0265713435390501,0.0,0.155761578488575,0.0147112665107276,0.686059288083713,0.0250867904432454,0.0,0.0,0.0,0.0902237850207611
FIB,0.09123489662426379,0.0,0.0429935769543597,0.0,0.0,0.1256770473695764,0.6873253241831158,0.0,0.35362648183426654,0.0,0.0,0.0,0.0,0.0067135922940273,0.0,0.0,0.0,0.0,0.0,0.0379917135666172,0.0,0.3426171415049635,0.07507503926249459,0.0,0.1024005815869611,0.0,0.3538602719244416,0.2039586856990013,0.0,0.1536713064096797,0.0,0.0,0.0,0.0,0.0,0.0433190220073422,0.08348164448272001,0.0,0.0,0.0,0.0,0.0,0.0783562061332407,0.0,0.0,0.0522640062958742,0.0,0.2036759695915489,0.0,0.0,0.0,0.2907895723437065,0.2665628765120055,0.058988607619318,0.0,0.0,0.0,0.0,0.0,0.0,0.1175357988537831,0.0,0.0,0.0,0.0314461319841882,0.0526935391704834,0.2372920991327731,0.0,0.0696724204130789,0.5447042927498318,0.0497407714112436,0.0,0.0137648781664221,0.0863773116186814,0.6489234177294556,0.0,0.0,0.0,0.0576646398874148,0.3261885941181618,0.147925904154812,0.0,0.0,0.0,0.0,0.0,0.013012134121957,0.0133737895105474,0.0,0.0537112270890212,0.05595313136582469,0.0,0.0,0.0,0.22540134617863491,0.0,0.0,0.0,0.0885851792808561,0.0,0.0,0.1374567997396353,0.0,0.0,0.013642367171276,0.0,0.0,0.0,0.0742782598655287,0.1310789533245594,0.0,0.0,0.0,0.0,0.23505388153608178,0.0,0.0,0.0,0.0,0.0,0.0,0.018729628257234298,0.0,0.0,0.00796727703787,0.5147131650208666,0.0,0.0,0.0,0.0,0.0,0.0,0.0,0.0156997620210947,0.028688478844414802,0.0,0.1859416189184049,0.0,0.0969604020816195,0.0298735873850004,0.0,0.0,0.46543574252632813,0.0,0.1481061746891783,0.0,0.5413709407358216,0.3011126880991411,0.0,0.0576229106296269,0.0,0.0,0.0,0.0152939978469903,0.0087424446544065,0.0,0.0,0.0,0.0,0.0,0.0737395208521434,0.0,0.0,0.0,0.0417565472572903,0.0,0.0,0.0,0.0,0.0,0.0,0.0,0.0,0.0,0.0,0.0444486820529486,0.0,0.0,0.1208491017221975,0.0,0.0,0.0,0.0101105748608514,0.10162524771103269,0.0,0.0,0.0,0.0,0.0,0.0,0.041003704276268996,0.0066892521864899,0.0,0.0,0.0,0.0,0.0,0.0,0.1032904821974619,0.2168367189627941,0.0,0.0,0.0295578987150047,0.0,0.0,0.0,0.0,0.1016970318016275,0.0,0.0116161962049443,0.5412172021902777,0.0,0.0075209105863835,0.0,0.1474980869628427,0.0,0.0,0.0,0.0184786916209839,0.0052681610385781,0.2675340644162556,0.035351793522629196,0.0,0.0,0.0,0.0,0.0,0.0757023767822559,0.5169578287561528,0.0,0.0,0.0,0.0527607189272271,0.0,0.202675522789965,0.0211387654638716,0.0,0.0,0.0406044728844007,0.0,0.6639781432995308,0.061295134764712496,0.0237615600968764,0.0,0.0717184241642555,0.0196824804450513,0.2720947997879523,0.033734176139483305,0.0,0.0372966658339964,0.0239840558040274,0.39965230793080603,0.0,0.0,0.11993328319369621,0.018410518052577,0.20585845077629458,0.2046269988149011,0.0,0.1981352428543362,0.08480545520406971,0.0,0.0,0.0,0.0,0.0,0.1159384877326131,0.0132215497137804,0.0,0.0,0.0,0.0,0.0778341965616054,0.0,0.0,0.0,0.24416478916045029,0.0203137237590669,0.0,0.0,0.0,0.0,0.013408773440826999,0.0,0.0,0.0765140502955944,0.0,0.6548147945135784,0.0,0.0068198447097919,0.0,0.0,0.1572942149482689,0.0,0.0,0.0,0.0,0.7962040678328125,0.2773854979925179,0.0,0.29098058685555417,0.0,0.17764993422774328,0.0,0.0,0.7997100022558826,0.0,0.037231207731532004,0.0,0.2121699752870669,0.0,0.0,0.0047367564188213,0.0207163042093247,0.0,0.0,0.1757283643985541,0.0,0.08005718842586429,0.0,0.0,0.0,0.0390533131526575,0.0,0.0341682688281993,0.0101044936543072,0.0,0.0676620191730607,0.0,0.0,0.0,0.0460125205953019,0.0,0.0,0.0,0.0,0.0,0.0599541581856465,0.0,0.0032389200445298,0.0,0.0,0.0,0.4207364844788356,0.0,0.0116267585545453,0.0,0.0,0.0,0.0,0.0,0.0214152412929745,0.0,0.0,0.0067925985866867,0.0,0.0677938528301689,0.0,0.0,0.0882809006470279,0.0,0.0159492528881166,0.0139692235051569,0.0,0.0,0.0,0.0,0.0464369080584872,0.0,0.0,0.0433736839705227,0.0,0.0,0.13946616458596608,0.0,0.0091336123549627,0.0,0.0,0.0,0.0,0.0,0.15581596508926931,0.0,0.2622995705729305,0.0,0.22434171440703038,0.34248158366050496,0.4545364610598068,0.0,0.0,0.0,0.0,0.0,0.1831097154371331,0.0484637098856443,0.0,0.0,0.0,0.0,0.0,0.0,0.46183420311852585,0.0,0.0,0.0,0.0,0.0,0.0755764336658044,0.4425155810453594,0.0,0.12526639730112452,0.0,0.0,0.0,0.2511619053911998,0.0933095473409635,0.0,0.0,0.0,0.0,0.3027925383394223,0.0,0.0,0.0349085019838833,0.0,0.0177837920091402,0.1417340390583156,0.6065955454921935,0.0,0.47961663370361535,0.0635371623569201,0.0118716335784228,0.0293888091806438,0.0,0.0,0.0,0.2442819396954652
IC,0.016372312766064,0.8453850302245951,0.7065659758817893,0.0,0.0,0.0,0.0012004249779126,0.0,0.0,0.0,0.2874428710859352,0.9393419165568108,0.0346850998408821,0.3921342289762243,0.0,0.0,0.0,0.0,0.0,0.0,0.0888361842026111,0.0,0.0,0.0838871281130426,0.8050232672041204,0.0,0.0,0.03095796090028,0.0,0.0,0.0,0.4935034737548249,0.0,0.0,0.0393803014143654,0.0,0.0,0.0,0.0,0.114876840453766,0.0,0.0,0.2301264948848534,0.0,0.0,0.0277992511745017,0.0,0.0,0.0,0.0,0.0,0.0381955679052576,0.131975877686849,0.0,0.0,0.8819163068623485,0.0,0.0,0.0,0.0,0.22068405139578942,0.0771416084585893,0.9126221034437304,0.0,0.0,0.054728147492447296,0.0,0.0,0.0505110998678244,0.0,0.0,0.9616343994412052,0.0,0.0605827371655571,0.0,0.0,0.0,0.0,0.0,0.0,0.0,0.0,0.0444643814509437,0.0,0.0,0.5182477421299735,0.0,0.0,0.6023534484386406,0.6617439982668358,0.0,0.0619819140031575,0.3221613373347596,0.0,0.0,0.2586022012251338,0.0,0.0,0.0,0.0376076302206432,0.0,0.640280734731466,0.0166914090692078,0.0523276923268019,0.0,0.0,0.0,0.9209931644080873,0.0,0.0,0.0,0.0,0.198256055740693,0.27430725580484083,0.3664789770639871,0.0413881454783361,0.0,0.0,0.0121296630811584,0.0,0.349186341362964,0.0,0.0,0.0,0.0,0.0023796499993378,0.0,0.06644774644893,0.0,0.0152096936335141,0.0,0.0,0.0,0.0,0.07121283975952039,0.1609411923010029,0.0,0.0,0.0,0.0,0.0,0.0,0.0102223496961246,0.0,0.0,0.0,0.1395872214147571,0.461226128855422,0.0,0.0,0.0,0.0443441016740453,0.0,0.0,0.0636323312938251,0.0,0.062443653455721,0.0,0.2198303575190754,0.0,0.6814988169468449,0.0,0.0,0.0848044471912135,0.0,0.0,0.0,0.0753144082473448,0.0,0.1056004043670736,0.0,0.0,0.0,0.0,0.6774078269739909,0.0155331255191349,0.0,0.0412686570932943,0.0,0.0393627086790671,0.0,0.086474929534699,0.0,0.11894009543481521,0.0,0.8658195371010806,0.0473086945948833,0.0,0.9646574888878681,0.9543657747791743,0.144987903055626,0.0,0.0,0.0,0.0,0.0,0.0,0.0,0.0,0.0,0.0,0.0,0.0365835522738247,0.0,0.018197030020671398,0.0129854813895391,0.0,0.0,0.8430349872842939,0.9278884630585125,0.0,0.0,0.2500882600655935,0.0,0.0,0.0,0.0,0.0,0.16764878395152,0.0,0.016280912699965,0.0,0.0458991700154495,0.0,0.0454528710742066,0.0,0.0,0.7109375639544956,0.0099437203393225,0.0,0.0692039349797002,0.0,0.0,0.0,0.0,0.0,0.0,0.0,0.0,0.0,0.0,0.0,0.0,0.0,0.0143040771184476,0.0,0.21533639873748892,0.22259160561885039,0.0,0.6135261285375675,0.0,0.0,0.0,0.27914561414640987,0.0,0.8824505116757534,0.0,0.0,0.0,0.048528882253277505,0.1208012209439722,0.6151173625986398,0.9182463027095131,0.8988120644990047,0.0,0.0,0.0,0.0,0.0,0.0706229189068715,0.0470004616318903,0.0,0.0,0.0,0.0,0.0,0.0,0.3185167908263046,0.0,0.9280945218801132,0.9115663598259905,0.8936286651229911,0.0935149424310401,0.0,0.0,0.2555359408788538,0.0,0.0012197807657368,0.0,0.0,0.116966811528846,0.184876099640986,0.0,0.0,0.0,0.0,0.0,0.0242301977613322,0.0,0.0,0.1018212370332014,0.0,0.0,0.0,0.0,0.0,0.0,0.0,0.0,0.0146540071067065,0.0,0.4216643367467291,0.0,0.051260345348995595,0.0,0.8820218910054721,0.0,0.0,0.0,0.0,0.0,0.44777537223671166,0.0,0.0,0.0,0.2082963544172912,0.0,0.0,0.073244541412933,0.0,0.0,0.0,0.0,0.0,0.0,0.437253735516362,0.132281364874244,0.0,0.0,0.1063884894000717,0.0,0.0103554633444301,0.0490887926170411,0.0,0.4037607437754041,0.0,0.0,0.0,0.0,0.120775397083254,0.0,0.7123511665273959,0.0546212680412783,0.275983515070907,0.0179910023014138,0.0,0.0,0.0,0.0,0.0,0.9159366871160768,0.0150330738967616,0.0,0.0,0.0,0.0569830540902912,0.1884173804084104,0.0,0.0,0.14749596629216988,0.0,0.0,0.1609174143722235,0.0,0.0,0.0,0.0,0.0,0.0573414056052179,0.0,0.0,0.0236573602419414,0.0,0.0,0.0,0.0,0.0,0.1167385507739346,0.0,0.8870818957094787,0.0,0.0381524595677933,0.0,0.0,0.0,0.8974894782924633,0.34993244465567375,0.3290820952929211,0.7581902479972141,0.0,0.0423350235254861,0.0,0.0,0.0151572288606051,0.0,0.1084288219999269,0.0,0.31180628658648313,0.0,0.0,0.0454679623565327,0.0,0.0226752428082716,0.0,0.0,0.0,0.0,0.0,0.0,0.0,0.0,0.0,0.0,0.0024306598537582,0.0,0.0,0.0,0.0694311800827255,0.9156422702485866,0.0,0.090828606011581,0.0,0.0416659474180131,0.0415244812984006,0.0552900716573621,0.0,0.0
IMM,0.0,0.0,0.0,0.0,0.1530474487141646,0.0,0.1626290123280806,0.0,0.0,0.0,0.0,0.0,0.0,0.0,0.0024935470400882,0.0,0.0,0.0,0.0,0.1583202575664905,0.0,0.3021464436964162,0.111400445301552,0.0,0.0,0.0157559603566209,0.21675882509429573,0.2596439277739907,0.0,0.7531292553932534,0.0,0.0,0.0031490738438659,0.0,0.0,0.0,0.0,0.0125546572099603,0.0,0.0,0.0,0.0,0.0,0.2675215033887303,0.0,0.0,0.0,0.0927289701804846,0.0,0.0,0.0,0.0,0.0,0.7026644947794937,0.0,0.0,0.0,0.0,0.0,0.0,0.0467291825911123,0.0,0.0,0.0,0.4177458450013941,0.0,0.0,0.0028513114343478,0.0,0.0596604292941455,0.0188860843529925,0.0,0.0,0.0,0.0203745875404485,0.0,0.0,0.0,0.0,0.40170501740702613,0.0,0.0,0.0,0.0,0.0117569167971724,0.0,0.0,0.0,0.0,0.0,0.0,0.0,0.0,0.0,0.026189907848131,0.0,0.0,0.1541429076439275,0.0,0.0,0.0358415895505049,0.0082644021972845,0.0,0.0,0.0,0.0277569927407056,0.0,0.0,0.0,0.1657770569015534,0.0,0.0,0.0,0.0,0.0,0.0,0.0,0.0,0.0,0.0159557940957802,0.0,0.0981658647220608,0.0,0.0,0.0,0.2205094296144896,0.0,0.0,0.0143491681673875,0.0,0.0,0.0,0.1055847967777098,0.0,0.0024483030145085,0.0,0.0446221343894502,0.0,0.0,0.8068306445229151,0.876016448039466,0.0,0.0337267029988073,0.0,0.0127062437567954,0.0,0.1039546053365154,0.0,0.0,0.1539084384134545,0.0,0.0,0.0493129854809032,0.0,0.0,0.0,0.0,0.0,0.0,0.0,0.0185956896544299,0.0,0.0175019583727984,0.0,0.0,0.0,0.0,0.0,0.0,0.0,0.0029875986090619,0.0200377045818672,0.0,0.0,0.0,0.0,0.0,0.0,0.0165679032805476,0.0,0.0,0.0,0.8392834302139263,0.0132206816989425,0.0,0.0,0.0,0.5289512558171512,0.0,0.0,0.0,0.0,0.0,0.0,0.024239981613978702,0.0026750486799774,0.0205655537652521,0.0417279102893712,0.022538019125897,0.45719997097639653,0.0642894310426808,0.0,0.0,0.0,0.029966985036710896,0.0,0.0,0.0,0.0,0.0,0.0178436402469444,0.0,0.0,0.0,0.0,0.0,0.0034634228191516,0.0,0.0,0.0281917801249851,0.0669757484068515,0.0109659387224507,0.0,0.0,0.0,0.1057543123137173,0.0,0.0,0.0200712053642665,0.0,0.0,0.0,0.0124945569522946,0.8748018070047667,0.0,0.1301326736540396,0.0,0.0,0.408701119161967,0.0,0.053762256712485496,0.0,0.0268899962124693,0.0,0.093126856552772,0.7570001236819563,0.0,0.0,0.0185560013949557,0.0,0.0175366991741297,0.5084234024836956,0.0,0.0,0.33423054536781444,0.0,0.0156367399369129,0.4320391433891116,0.0,0.347943231861109,0.0,0.0,0.0,0.0,0.041595994057036303,0.0,0.7564231213650695,0.0,0.018138505296988,0.0,0.0,0.0,0.0,0.07050310742704391,0.0,0.0063151608813354,0.0,0.0,0.0088658288789585,0.0,0.0,0.0,0.0,0.0,0.003297983380001,0.0,0.0,0.0215034094047366,0.0,0.0,0.0,0.0,0.3526695159617434,0.0,0.0,0.0,0.0,0.0756626614255233,0.3984430349140972,0.017173280584275,0.0,0.0,0.0,0.0,0.0,0.0013484732218337,0.0181403008155111,0.007254055337257,0.0,0.0,0.0,0.0,0.11917399819960829,0.0,0.0,0.0,0.0694971593231131,0.0,0.0,0.0218691936788196,0.0,0.0,0.0,0.0,0.1086057543710275,0.0,0.0038382618150564,0.0,0.0,0.0,0.0,0.0,0.0,0.0,0.0,0.0,0.0,0.0,0.0,0.0,0.0,0.0,0.0,0.30689678908479423,0.0,0.0043000338367944,0.0,0.0,0.0,0.0,0.0,0.0066823144723699,0.0,0.0,0.0,0.0573213571949584,0.0993729090959818,0.0026857769312292,0.0,0.0,0.0,0.0,0.0,0.0,0.0,0.0,0.0,0.0,0.0,0.0,0.0,0.0,0.0,0.3754766073630517,0.0,0.0,0.0,0.0,0.0,0.0611575928610589,0.0,0.0,0.0,0.022113201566761102,0.0,0.0834702237639761,0.027525521516892,0.0196674447747911,0.2243905749672809,0.0,0.0,0.0,0.0,0.44191650980415853,0.0170169271181208,0.0,0.0,0.0,0.0,0.0,0.0,0.0777003980134525,0.0,0.0,0.0,0.0,0.0,0.0,0.0,0.0,0.0,0.0,0.0,0.0,0.0,0.07234935189279951,0.0182222898831366,0.0,0.0,0.0,0.0,0.105988943573334,0.6891893720062473,0.0,0.0,0.8049015056632773,0.0,0.0,0.0,0.17296058538086312,0.0193129332691468,0.0,0.0,0.0,0.0,0.0406247900644696,0.0
NEU,0.0,0.0,0.0,0.0,0.0,0.0,0.0,0.0,0.0,0.0,0.0,0.0,0.0,0.0,0.0,0.0,0.0,0.0,0.0,0.0,0.0,0.0,0.0,0.0,0.0,0.0,0.0,0.0,0.0,0.0,0.0,0.0,0.0,0.0,0.0,0.0,0.0,0.0,0.0,0.0,0.0,0.0,0.0,0.0,0.0,0.0,0.0,0.0,0.0,0.0,0.0,0.0,0.0,0.0,0.0,0.0,0.0,0.0,0.0,0.0,0.0,0.0,0.0,0.0,0.0,0.0,0.0,0.0,0.0,0.0,0.0,0.0,0.0,0.0,0.0,0.0,0.0,0.0,0.0,0.0,0.0,0.0,0.0,0.0,0.0,0.0,0.0,0.0,0.0,0.0,0.0,0.0,0.0,0.0,0.0,0.0,0.0,0.0,0.0,0.0,0.0,0.0,0.0,0.0,0.0,0.0,0.0,0.0,0.0,0.0,0.0,0.0,0.0,0.0,0.0,0.0,0.0,0.0,0.0,0.0,0.0,0.0,0.0,0.0,0.0,0.0,0.0,0.0,0.0,0.0,0.0,0.0,0.0,0.0,0.0,0.0,0.0,0.0,0.0,0.0,0.0,0.0,0.0,0.0,0.0,0.0,0.0,0.0,0.0,0.0,0.0,0.0,0.0,0.0,0.0,0.0,0.0,0.0,0.0,0.0,0.0,0.0,0.0,0.0,0.0,0.0,0.0,0.0,0.0,0.0,0.0,0.0,0.0,0.0,0.0,0.0,0.0,0.0,0.0,0.0,0.0,0.0,0.0,0.0,0.0,0.0,0.0,0.0,0.0,0.0,0.0,0.0,0.0,0.0,0.0,0.0,0.0,0.0,0.0,0.0,0.0,0.0,0.0,0.0,0.0,0.0,0.0,0.0,0.0,0.0,0.0,0.0,0.0,0.0,0.0,0.0,0.0,0.0,0.0,0.0,0.0,0.0,0.0,0.0,0.0,0.0,0.0,0.0,0.0,0.0,0.0,0.0,0.0,0.0,0.0,0.0,0.0,0.0,0.0,0.0,0.0,0.0,0.0,0.0,0.0,0.0,0.0,0.0,0.0,0.0,0.0,0.0,0.0,0.0,0.0,0.0,0.0,0.0,0.0,0.0,0.0,0.0,0.0,0.0,0.0,0.0,0.0,0.0,0.0,0.0,0.0,0.0,0.0,0.0,0.0,0.0,0.0,0.0,0.0,0.0,0.0,0.0,0.0,0.0,0.0,0.0,0.0,0.0,0.0,0.0,0.0,0.0,0.0,0.0,0.0,0.0,0.0,0.0,0.0,0.0,0.0,0.0,0.0,0.0,0.0,0.0,0.0,0.0,0.0,0.0,0.0,0.0,0.0,0.0,0.0,0.0,0.0,0.0,0.0,0.0,0.0,0.0,0.0,0.0,0.0,0.0,0.0,0.0,0.0,0.0,0.0,0.0,0.0,0.0,0.0,0.0,0.0,0.0,0.0,0.0,0.0,0.0,0.0,0.0,0.0,0.0,0.0,0.0,0.0,0.0,0.0,0.0,0.0,0.0,0.0,0.0,0.0,0.0,0.0,0.0,0.0,0.0,0.0,0.0,0.0,0.0,0.0,0.0,0.0,0.0,0.0,0.0,0.0,0.0,0.0,0.0,0.0,0.0,0.0,0.0,0.0,0.0,0.0,0.0,0.0,0.0,0.0,0.0,0.0,0.0,0.0,0.0,0.0,0.0,0.0,0.0,0.0,0.0,0.0,0.0,0.0,0.0,0.0,0.0,0.0,0.0,0.0,0.0,0.0,0.0,0.0,0.0,0.0,0.0,0.0,0.0,0.0,0.0,0.0,0.0,0.0,0.0,0.0,0.0,0.0,0.0,0.0,0.0,0.0,0.0,0.0,0.0,0.0,0.0,0.0,0.0,0.0
PC,0.0,0.0188401680954461,0.0,0.0,0.0,0.0,0.035061469744443796,0.0,0.0,0.0,0.0,0.0,0.8640086897390383,0.43979414924265003,0.0,0.0,0.0,0.0,0.0,0.0,0.0,0.0,0.0,0.0,0.0440447537196965,0.0,0.0,0.0,0.0,0.012052002617914401,0.0,0.0472601148654384,0.5912912655215294,0.0,0.8204410948370058,0.0,0.0,0.0,0.0,0.0,0.0,0.0,0.0,0.0,0.0,0.0,0.0,0.0,0.0,0.0,0.0,0.0,0.0,0.0,0.0,0.0,0.0,0.0,0.0,0.0,0.0,0.0,0.0,0.0,0.0,0.0134368808090425,0.0,0.0,0.0158790107347111,0.0,0.0,0.0,0.0,0.0,0.0,0.0,0.0,0.0106082479743635,0.0192247197884724,0.0,0.0,0.0140919130265365,0.45636373792726254,0.0,0.0,0.0,0.0,0.0,0.0,0.0,0.0184993526331968,0.3713179082926322,0.3334530205045107,0.13401600818884468,0.0,0.0,0.0,0.0,0.0,0.0,0.0,0.1763727015600187,0.0,0.0,0.0140983686494267,0.0096871675336722,0.0,0.0485417482360331,0.0,0.0,0.0,0.0,0.0,0.5905848384467498,0.0,0.0,0.0093946554595391,0.0,0.3830218009799412,0.0,0.0,0.0,0.0,0.0,0.0226622792675461,0.0961780400147346,0.0127136181623893,0.4140858776204703,0.0707204365758637,0.0,0.01003831102901,0.0,0.0,0.0,0.0,0.38611183864210974,0.186434071773936,0.0,0.0,0.0,0.0,0.0,0.0,0.0,0.0,0.0,0.1599185431305834,0.0,0.1515052238624414,0.0,0.0,0.3049432951785474,0.0,0.0,0.0151542218588565,0.0,0.0,0.0,0.575812756443451,0.0,0.0937984750878091,0.0,0.0,0.7759016978535952,0.0,0.0,0.0,0.0,0.0133020015954185,0.8094368264798228,0.0,0.0,0.0,0.044607653065132,0.0459907958767493,0.0,0.0,0.6882500788294204,0.0,0.8557150827680369,0.0,0.8141467378919379,0.0,0.0163634339935588,0.0,0.0,0.0,0.0,0.0,0.0,0.0,0.0,0.0,0.0,0.0215375812640825,0.0,0.0,0.0,0.0,0.0,0.0,0.0,0.0,0.0,0.0,0.0,0.0,0.0,0.029870078687456503,0.035607370085124296,0.0,0.0,0.52194342767839,0.0,0.0,0.0,0.0,0.0,0.0,0.0,0.0,0.0170619415924728,0.6340907431899658,0.0,0.0,0.0,0.0,0.0,0.0,0.0,0.0,0.0,0.0164829208041478,0.0,0.0,0.0231144417335747,0.0,0.0,0.0393039799798355,0.0,0.0232189092414006,0.0,0.0,0.0,0.1869165914750978,0.0,0.0,0.0,0.0,0.0,0.0332830127867081,0.0,0.0,0.00974032560778,0.0,0.07031139036342299,0.0,0.0,0.0,0.0,0.0382648070460292,0.0,0.0,0.0,0.0,0.0,0.0,0.013668803365097,0.0,0.8696644830961379,0.8698155036746985,0.0,0.0,0.0,0.0,0.0,0.0,0.0,0.0,0.0156211019593096,0.0,0.0142592900220751,0.0,0.0,0.0,0.0,0.0,0.036989112061453,0.0,0.0,0.0,0.0,0.0,0.0,0.0,0.0,0.0,0.051165077631232396,0.0,0.004161783307181,0.0,0.0,0.0,0.0,0.0,0.0,0.0,0.0,0.0,0.0128713727056872,0.0,0.0,0.0,0.1197276023310899,0.0,0.0326129460080109,0.0,0.0,0.0,0.0,0.0087371208805152,0.0,0.0,0.2018554777560623,0.0,0.0494675954116223,0.0,0.0,0.070543117907908,0.0,0.0,0.0,0.0,0.0,0.0,0.4492663456194554,0.4164538375715783,0.0,0.0,0.0,0.0,0.0,0.7236159512556116,0.0,0.0,0.0147961247231918,0.0401369071874619,0.0,0.0,0.0498879155320061,0.0,0.1781936359207015,0.7341474293416397,0.0,0.0,0.0,0.0409838193806052,0.0,0.1945910535914848,0.0,0.0,0.033957850095058,0.0,0.0,0.060609944623172,0.0,0.0,0.0,0.0,0.7351034748565753,0.0,0.0,0.2272502176024055,0.0188734404963073,0.0,0.0,0.0,0.0,0.0,0.0,0.0,0.0,0.0,0.0,0.0,0.0,0.0,0.0,0.0,0.0273346396492985,0.060982882321180695,0.0,0.0,0.0,0.0154477401464612,0.0,0.0,0.6327290206893832,0.1278704668519801,0.0,0.0,0.0,0.2534590860549579,0.0,0.0,0.1419428465886352,0.0,0.0250923026115169,0.0,0.0,0.0,0.07585160884489281,0.0,0.0,0.0,0.0,0.0,0.0,0.0,0.1227119656576755,0.0,0.0,0.0,0.0,0.0,0.0,0.0,0.0,0.0111113542155641,0.0,0.0,0.0,0.0,0.0896652859258307,0.841566915145908,0.0,0.0
PEC,0.152467747825937,0.0,0.0,0.0,0.0,0.0165573160203414,0.0,0.0,0.0,0.0660527273726114,0.0,0.0,0.0,0.0,0.0,0.0,0.0,0.0,0.0,0.253603145865005,0.0,0.160463998625129,0.007100552043672,0.0,0.0,0.0,0.209041630125678,0.191743352496852,0.0,0.0,0.0,0.0,0.0,0.0,0.0,0.0045825068308037,0.0,0.126803577268043,0.0,0.0,0.0,0.0,0.0,0.0,0.0,0.0,0.0,0.0361707159452334,0.0,0.0,0.0,0.0,0.0,0.0,0.0,0.0,0.0,0.0,0.0,0.0,0.0311076390928911,0.0,0.0,0.0,0.0,0.0,0.0,0.0,0.0038694890947976,0.0187743947979626,0.0063207553204607,0.0,0.0,0.0,0.0,0.0,0.0,0.0,0.0,0.0,0.0030562734191602,0.0,0.0,0.0,0.0,0.0,0.0054722555714584,0.0,0.0,0.0,0.0073843245366517,0.0,0.0,0.0,0.0446763496917852,0.0,0.0,0.139253482918619,0.0,0.0,0.0,0.0,0.0,0.0,0.0,0.0,0.0,0.0,0.0,0.0504440633619342,0.0,0.0,0.0,0.0,0.0,0.0,0.0,0.0,0.0,0.0,0.0,0.0050657983196425,0.0,0.0,0.0033456410848349,0.0,0.0,0.0,0.0,0.0,0.0,0.0,0.0,0.0,0.0,0.0,0.0069323972080987,0.0,0.0,0.0,0.0,0.0,0.0,0.0,0.0,0.0,0.0284157563455102,0.0,0.0,0.304354543778944,0.0,0.0,0.0,0.0,0.0,0.0,0.0,0.0,0.0,0.0,0.0,0.0,0.0,0.0,0.0,0.0,0.0,0.0,0.0,0.0,0.0,0.0,0.0888937998332698,0.0,0.0,0.0,0.0,0.0,0.0055354705975395,0.0,0.0,0.0,0.0,0.0,0.0,0.0,0.0,0.0,0.0,0.0,0.0,0.260781575682171,0.0,0.0,0.0,0.0,0.147665742554236,0.0,0.0137958801832134,0.0026796338070558,0.0,0.0,0.0,0.0906495816133387,0.0041770068021647,0.0,0.0,0.0,0.0,0.0,0.0059645743135191,0.0,0.0,0.0,0.167538624919205,0.0,0.0,0.0,0.0,0.0505018652725324,0.0,0.0,0.0,0.0613590008179435,0.0,0.0,0.0,0.0,0.0,0.0,0.0,0.0,0.0,0.0,0.0,0.0422563534313321,0.0,0.0,0.0,0.0,0.108089197220749,0.0,0.0,0.0,0.0,0.0,0.0,0.0,0.0,0.0,0.0,0.0,0.0,0.0,0.0113472403557938,0.0,0.0,0.116885896101896,0.0,0.121101241610421,0.0,0.0,0.0,0.0,0.0,0.0,0.0,0.0,0.0,0.0,0.0,0.0,0.0,0.0,0.0,0.0,0.0,0.0,0.0,0.0,0.0,0.0,0.0,0.0,0.0,0.0,0.0,0.12828390709648,0.0,0.0245278212791996,0.0,0.0,0.142432796986031,0.0,0.0,0.0,0.0779074227755413,0.0223873727382384,0.0,0.0,0.0,0.0,0.204991775386008,0.0,0.0,0.0346362132448404,0.0,0.151024996776419,0.0,0.0,0.0,0.0,0.0,0.0024911945051835,0.0,0.0,0.235700082008195,0.0,0.0916048781793077,0.0,0.0,0.0,0.0292188185654716,0.0,0.192204008515007,0.0074335402516644,0.0,0.0926978785843437,0.0,0.0,0.0,0.010802525225363,0.0,0.102322782726637,0.0,0.0,0.0,0.0,0.0,0.0,0.0,0.0,0.0,0.0699970909408137,0.0,0.0,0.0,0.0,0.0,0.0,0.0,0.0,0.0,0.0,0.0,0.0,0.0,0.0,0.0,0.0,0.0,0.0,0.0,0.0,0.0,0.0,0.0,0.0150948920486319,0.0,0.0,0.374697751100055,0.0,0.0,0.0,0.0,0.003832894995349,0.0,0.0,0.0,0.0,0.0638361755200975,0.0018168867383264,0.0,0.131022672543606,0.0,0.0,0.0,0.0,0.0,0.0,0.0,0.0,0.0,0.011946372571359,0.0,0.0,0.0,0.0,0.0,0.0,0.0,0.0232506659041932,0.0,0.0587603562247348,0.0,0.0,0.0,0.0,0.0,0.0,0.0,0.0,0.0,0.0,0.0275065815762904,0.0,0.0,0.0,0.0,0.0,0.0253135145772486,0.0,0.0,0.0,0.0,0.0,0.0,0.0049394299432127,0.0,0.0,0.0064633324019444,0.0,0.0,0.0,0.0,0.0887085288587308,0.0
POD,0.2115506466665882,0.0,0.0,0.0,0.0,0.0204179520008368,0.0,0.0,0.0,0.7674065769741321,0.38106130944383587,0.0,0.0,0.0,0.0,0.0,0.0,0.0,0.0,0.0,0.0,0.0,0.0,0.0,0.0,0.0,0.0,0.0,0.0,0.0,0.0,0.2514000770655809,0.0,0.0,0.0,0.0,0.0,0.0,0.0,0.0,0.0,0.0,0.0,0.0,0.0,0.0,0.0,0.0,0.0,0.0,0.0,0.0,0.109430190977169,0.0,0.0,0.0,0.0,0.0,0.0,0.2775735691236509,0.110514564856402,0.0,0.0,0.0,0.0,0.0,0.0,0.0,0.7761404194408826,0.120529347379677,0.0,0.0,0.2074178077734227,0.0,0.0,0.0,0.0,0.0,0.0,0.0,0.0522862510497833,0.0,0.0,0.0,0.0,0.106047050823774,0.0,0.1986642327419989,0.0,0.0,0.22840452111440462,0.0,0.0,0.0,0.0,0.0,0.0,0.0,0.0,0.0,0.0,0.0,0.0,0.0,0.0,0.0,0.0,0.0,0.0,0.0803187249624051,0.0,0.0,0.0,0.0,0.0,0.0,0.0,0.0,0.0,0.0,0.0,0.0,0.0,0.0,0.7080477575247403,0.0,0.0,0.0,0.0,0.0,0.0,0.0,0.0,0.2297585632961918,0.0,0.0,0.0,0.0,0.0,0.0,0.0,0.0,0.0,0.0,0.0,0.0,0.0,0.0,0.0,0.0,0.0,0.0,0.0,0.1311993492026344,0.0,0.0,0.0,0.0,0.0,0.0,0.0,0.0,0.0,0.0,0.0,0.0,0.0,0.0,0.0,0.0,0.0,0.0,0.653501662449217,0.0,0.0,0.663581822334599,0.0,0.0,0.0,0.0,0.49843766038244997,0.0,0.0,0.0,0.2892040028014141,0.0,0.0,0.0,0.0,0.0,0.0,0.6072733488767573,0.0,0.0,0.0,0.0,0.262673096635396,0.0,0.0124496888122881,0.0017880835093971,0.0,0.0,0.0,0.572368484157136,0.0,0.0,0.0,0.0,0.0,0.0,0.0,0.0,0.0,0.2739200229240989,0.2155661186236875,0.025471305338695,0.0,0.0,0.0,0.0095959404050726,0.0,0.0,0.0,0.8201143124079869,0.0,0.0,0.0,0.0,0.0,0.618542686991536,0.0,0.0,0.0,0.0,0.0,0.0,0.0,0.0,0.0,0.0,0.0,0.0,0.0,0.310554346576116,0.0,0.0,0.0,0.0,0.0,0.0,0.0,0.0,0.0,0.0,0.0034601786825887,0.0,0.0,0.0,0.0,0.0,0.0,0.0,0.0,0.0,0.0,0.0,0.0,0.0,0.0,0.0,0.0,0.0,0.0248154681268103,0.0,0.0,0.0,0.0,0.0,0.0,0.0,0.0,0.0,0.0,0.0,0.0,0.2405678886939962,0.0,0.0,0.0,0.0,0.0,0.0,0.0,0.0,0.0,0.0,0.695813641178708,0.0,0.0,0.0,0.0,0.0,0.0093700530544977,0.0,0.0,0.0360700782912784,0.0,0.36098382254843,0.0,0.0,0.0,0.0,0.0,0.7335116277356879,0.2472379685550153,0.0,0.0,0.0,0.593356987472546,0.0,0.0,0.0,0.0,0.0,0.0,0.658388269169787,0.0,0.713676523854928,0.0,0.0,0.0,0.0955172496522069,0.0,0.6551085897242139,0.0,0.0,0.0,0.0,0.0,0.0,0.0,0.0,0.0,0.0,0.0,0.0,0.0,0.0,0.0,0.0,0.0,0.0,0.0,0.0,0.0,0.0,0.0,0.0,0.0,0.0,0.0,0.0,0.19167126267151552,0.0,0.0,0.0,0.0,0.2116137700511225,0.0,0.0,0.09787781989120051,0.0,0.0,0.0,0.0,0.0,0.0,0.0,0.0,0.0,0.685636412311281,0.0475953198516852,0.0,0.4420243090403464,0.0,0.0,0.0,0.0,0.0,0.0,0.0,0.0,0.0,0.0,0.0,0.0,0.0,0.0,0.0,0.0,0.0,0.0186485983012058,0.0,0.7527711576640119,0.0,0.0,0.0,0.0,0.2595707443506712,0.0,0.0,0.0,0.0,0.0,0.2399393846222536,0.0,0.0,0.0,0.0,0.0,0.043939084458117,0.0,0.0,0.0,0.0,0.0,0.0,0.147663196832256,0.0,0.0,0.0,0.20814713436975169,0.0,0.0,0.0,0.0,0.0
PT,0.0394496200233149,0.0,0.17072167525327292,1.0000000000000007,0.6297832256819207,0.7173380118531567,0.0,1.0,0.4867745675379283,0.008361982839335,0.0,0.0,0.0,0.116582257807086,0.2479742360452514,1.0,0.9999999999999996,0.9999999999999999,0.0058526255459578,0.4511798541138186,0.0,0.109895301231426,0.7408189829344465,0.0,0.0365743974329495,0.178481859166387,0.1783943192118459,0.1862742163251303,1.0,0.0067994444986486,0.5244078275923254,0.0,0.0259100686058687,0.9962614124863789,0.0,0.9301643565749829,0.897768453663033,0.7716400631607518,0.0,0.856417386561442,0.9999999999999999,0.0,0.3073394005329485,0.644312820864361,1.0000000000000004,0.10044274709991481,0.9869003019401986,0.5904783529315354,1.0,0.0,1.0000000000000002,0.1631652725418242,0.24222717119582102,0.0,1.0000000000000002,0.0,0.0,0.0,1.000000000000001,0.0,0.4389283702133684,0.864686566928765,0.0,1.0000000000000009,0.3201416839273682,0.38502364001482375,0.2049119323851078,0.0,0.029190144338318,0.1246736763537746,0.886953678200628,0.0,0.0,0.0843118875481699,0.1846609036137109,0.0,0.9685895717940228,0.7246655245314891,0.1177995145766125,0.0,0.0030562734191602,0.9761106035100169,0.0,1.0000000000000002,0.215849375191848,0.324531213886528,0.981515610306585,0.0,0.3615221294637616,0.2058969554571572,0.163980924670125,0.0,0.014190867415643802,0.0,0.6477417596644295,0.0,0.9662866112312535,0.6924632089486316,0.8866923843916152,0.1089911531007178,0.686229037827584,0.0,0.9833085909307917,0.0,0.5674824767055842,0.28969978021929343,1.0,0.0,0.8986703085244048,0.4950192308006356,0.676764283308261,1.0,0.7778051236001451,0.0086090626198207,0.2967861441645351,0.0286949948511562,0.1618589010777884,1.0000000000000002,0.4326681825257262,0.245302149672239,0.5068654246260339,0.8780387087010615,0.8409252505423255,0.0,0.0088899725479181,0.028791776696883098,0.97143348354372,0.0,0.0429308660400112,0.9847903063664858,0.7558257696022023,0.9999999999999999,0.330218552194225,0.0,0.7853248329503771,0.0,0.3729344601126311,0.7481516557488279,0.25629705548952786,0.1181822059992456,0.0,1.0,0.0133138954310825,0.8121474082120395,0.0,1.0,0.0121033032177183,0.13829914120803188,0.8133866597839703,0.3765492817760234,1.000000000000001,0.0,0.869011970139451,0.0,0.6430009255909399,0.9999999999999993,0.9024059719896175,0.9920924553172414,0.0739345833828813,0.0,0.0,0.981523827215843,0.8897303079809598,0.0,0.9519719717592978,0.9886058217989334,0.0312819753713941,0.903434199285071,0.9689448769926203,0.0,0.433241806661749,0.9247278390930795,0.0,0.0153060865940975,0.1425899783990009,0.0,0.9999999999999997,0.0,0.7920548073327791,0.0,0.0,0.0,0.0,0.3698072347512356,0.0,0.0177259869255924,0.0,0.2256663709014868,0.0,0.0,0.7709680883328957,0.0279707792217288,0.9104245480585629,0.9999999999999997,0.7984795910214668,0.7972689814193044,0.5138857290281735,0.302883806189029,0.7381930633826694,0.3132465089754412,0.8662462110587137,1.0,0.9338585490111713,0.0,0.9420988914214079,0.9870145186104607,0.732083031583338,0.8704099088245222,0.0,0.0,0.3167272861904508,1.0000000000000007,0.093926769485429,0.0,0.0638419003411599,0.964078185292,0.0,0.9886245224038647,0.776356011779154,0.855435543192238,0.0376427381826562,0.7953221508925236,0.0,0.0081449697944137,0.9351327598376433,0.8636862633431122,0.0,0.1235301998579678,0.0613966967121038,0.0,0.9014859496649011,1.0000000000000002,0.1283079132115584,0.0,0.3995419552753787,0.1027358069588184,1.0,0.0,0.061027638782222005,0.7966154856802227,0.131631924967053,0.9187753598029436,0.0173477367037839,0.0,0.122218493543941,0.0099191536646177,0.4706108939608171,0.0286297297993506,0.723913370336432,0.2517020307383503,0.0461257886226322,0.0022094356337094,0.9999999999999996,0.6462133982932272,0.5310287524001063,0.0204452933440162,0.7317339714621907,0.17462268728321279,0.0,0.0677936566832201,0.3257289699673442,0.3108149176239787,0.0,0.0,0.9584040059429643,1.0,0.07429654077221749,0.8992750182012882,0.141795119812868,0.0,0.0,1.0000000000000002,0.0,0.8318919962973729,0.528076292696508,0.146074004555657,0.6967823620444519,0.6269140719847941,0.9911341711210414,0.0,0.0,0.0,0.0249197143497179,0.9999999999999997,0.624998119809555,0.0127240802183616,1.0,0.130944199078394,1.0,0.8872739253721961,0.8830331884711529,0.720422973889605,0.2779083950748102,0.0,1.0,0.503854411133124,0.0,0.0095323962890266,0.0378477194028832,0.6943336391905714,0.1231121507243114,0.9305819968015591,0.42696809925357976,0.0052538876195202,0.0,0.0471918731949951,0.32881312261274,0.3357803459307021,1.0000000000000004,0.4429338608913216,1.0,0.4576093739627421,0.8760892453815701,0.0050809609377835,0.0,0.0,0.46078438482627626,1.0000000000000002,0.0,0.887445270080358,0.5754857775465997,0.0,0.141894425229935,0.6202305312172964,0.5526204200635503,0.054407360431538404,0.742296930218431,0.0589841942689145,0.0,1.0000000000000004,0.0,0.0,0.9999999999999999,0.0,1.0000000000000002,0.0,0.0,0.904719499338311,0.7125026064588625,0.0,1.0,0.0,0.0,0.0422420695592842,0.0,0.72664122709029,0.0,0.849981607950397,0.029618549034261,0.7678844805964306,0.0,0.0417705276857357,0.0,0.7071979300685197,0.758471840983696,0.759321427247372,0.0749685125029477,0.906134307844165,0.0,0.8873527123114192,0.0,0.41328141226263915,0.0,0.9999999999999997,0.5947345316267041,0.932453927436079,0.7975433905076642,0.0,0.712061255500492,0.0089077502525892,0.3887259973669052,0.764508028919774,0.0065924303725688,0.0333448993528572,0.9999999999999994,0.9870334926496883,0.8307157487975086,0.9999999999999991,0.8391057103366081,0.8592925428419784,0.0,0.0148124875503483,0.966047578420572,0.0230693444411556,1.0000000000000004,0.4534611138532621,0.0194342814815117,0.16153517806739648,0.685777982070586,0.0,0.0,0.0,0.9999999999999994,0.3167919424591898,0.8481490408422968,0.0,0.4830856430163535,0.0,0.0,0.9999999999999999,0.0,0.0,0.5373667511841064,0.0,0.734216489667851,0.7159039546213775,1.000000000000001,0.21355680095727328,0.0,0.0,0.8022471065508863,0.4687135296257013,0.9773247571917273,1.0000000000000009,0.0117170259462791,0.3862212026105707,0.7992292515123344,1.0000000000000002,0.0613555671616487,0.0,0.0107800297511635,0.1433791130587257,0.0,0.9527744832326066,0.9833913454365879,0.0,0.7573983618722749,0.0831970589928764,0.0,0.027603777146290198,0.78859096743863,0.0,0.0206557789172114,0.0585275524233853,0.0,0.7971416647862152,0.6509929340577381
PapE,0.0,0.0,0.0,0.0,0.0,0.0,0.0,0.0,0.0,0.0,0.0,0.0,0.0,0.0,0.0,0.0,0.0,0.0,0.0,0.0,0.0,0.0,0.0,0.0,0.0,0.0,0.0,0.0,0.0,0.0,0.0,0.0,0.0,0.0,0.0,0.0,0.0,0.0,0.0,0.0,0.0,0.0,0.0,0.0,0.0,0.0,0.0,0.0,0.0,0.0,0.0,0.0,0.0,0.0,0.0,0.0,0.0,0.0,0.0,0.0,0.0,0.0,0.0,0.0,0.0,0.0,0.0,0.0,0.0,0.0,0.0,0.0,0.0,0.0,0.0,0.0,0.0,0.0,0.0,0.0,0.0,0.0,0.0,0.0,0.0,0.0,0.0,0.0,0.0,0.0,0.0,0.0,0.0,0.0,0.0,0.0,0.0,0.0,0.0,0.0,0.0,0.0,0.0,0.0,0.0,0.0,0.0,0.0,0.0,0.0,0.0,0.0,0.0,0.0,0.0,0.0,0.0,0.0,0.0,0.0,0.0,0.0,0.0,0.0,0.0,0.0,0.0,0.0,0.0,0.0,0.0,0.0,0.0102582320515498,0.0,0.0,0.0,0.0,0.0,0.0,0.0,0.0,0.0,0.0,0.0,0.0,0.0,0.0,0.0,0.0,0.0,0.0,0.0,0.0,0.0,0.0,0.0,0.0,0.0,0.0,0.0,0.0,0.0,0.0,0.0,0.0,0.0,0.0,0.0,0.0,0.0,0.0,0.0,0.0,0.0,0.0,0.0,0.0,0.0,0.0,0.0,0.0,0.0,0.0,0.0,0.0,0.0,0.0,0.0,0.0,0.0,0.0,0.0,0.0,0.0,0.0096172287293734,0.0,0.0,0.0,0.0,0.0,0.0,0.0,0.0,0.0,0.0,0.0,0.0,0.0,0.0,0.0,0.0,0.0,0.0,0.0,0.0,0.0,0.0,0.0,0.0,0.0,0.0,0.0,0.0,0.0,0.0,0.0,0.0,0.0,0.0,0.0,0.0,0.0,0.0,0.0,0.0,0.0,0.0,0.0,0.0,0.0,0.0,0.0,0.0,0.0,0.0,0.0,0.0,0.0,0.0,0.0,0.0,0.0,0.0,0.0,0.0,0.0,0.0,0.0,0.0,0.0,0.0,0.0,0.0,0.0,0.0,0.0,0.0115209026279576,0.0,0.0,0.0,0.0,0.0,0.0,0.0,0.0,0.0,0.0,0.0,0.0,0.0,0.0,0.0,0.0,0.0,0.0,0.0,0.0,0.0,0.0,0.0,0.0,0.0,0.0,0.0,0.0,0.0,0.0,0.0,0.0,0.0,0.0,0.0,0.0,0.0,0.0,0.0,0.0,0.0,0.0,0.0,0.0,0.0,0.0,0.0,0.0,0.0,0.0,0.0,0.0,0.0,0.0,0.0,0.0,0.0,0.0,0.0,0.0,0.0,0.0,0.0,0.0,0.0,0.0,0.0,0.0,0.0,0.0,0.0,0.0,0.0,0.0,0.0,0.0,0.0,0.0,0.0,0.0,0.0,0.0,0.0,0.0,0.0,0.0,0.0,0.0,0.0,0.0771021703572107,0.0,0.0,0.0,0.0,0.0,0.0,0.0,0.0,0.0,0.0,0.0,0.0,0.0,0.0,0.0,0.0,0.0,0.0,0.0,0.0,0.0,0.0,0.0,0.0,0.0,0.0,0.0,0.0,0.0,0.0,0.0,0.0,0.0,0.0,0.0,0.0,0.0,0.0,0.0,0.0,0.0,0.0,0.0,0.0,0.0,0.0,0.0,0.0,0.0,0.0,0.0,0.0,0.0,0.0,0.0,0.0,0.0,0.0,0.0,0.0,0.0,0.0,0.0,0.0,0.0,0.0,0.0,0.0,0.0,0.0,0.0,0.0,0.0,0.0,0.0,0.0,0.0,0.0,0.0,0.0
TAL,0.0133784589008655,0.0,0.0,0.0,0.0244609227045149,0.0,0.0,0.0,0.0,0.0,0.0,0.0,0.0170881930997794,0.0,0.7376467563221492,0.0,0.0,0.0,0.9941473744540423,0.0841938225223535,0.0698285577446955,0.0368940859620787,0.0094486089271688,0.0448577079280398,0.0,0.7940135494322338,0.0199359050564387,0.0720225749310292,0.0,0.0278681154602419,0.4692899785199386,0.0,0.2041249885129846,0.0,0.0570283534167498,0.0,0.0,0.071370757099871,0.9871444500343924,0.0,0.0,0.9776710556229,0.0873832184440194,0.0,0.0,0.5277944016122573,0.013099698059802,0.0414385237744584,0.0,0.9999999999999999,0.0,0.0,0.0,0.036073364435186,0.0,0.0,0.9999999999999996,1.0000000000000004,0.0,0.0,0.0207981906651541,0.0,0.0,0.0,0.131644391770453,0.4546657230564147,0.0621593350461029,0.9971486885656525,0.0,0.0111937433416446,0.0084058807281298,0.0,0.0,0.0571763952147117,0.0,0.9443706660511447,0.0,0.2647262274941481,0.6771547639036363,0.0,0.117051483475449,0.0097974834634466,0.2660618154430959,0.0,0.7158722565815637,0.0,0.0,0.0,0.0,0.0,0.0,0.451315757339005,0.1951259519818916,0.851340185076415,0.011652813539329,0.0361983313579952,0.0,0.0141404004888217,0.0,0.0482275951903435,0.269706824542009,0.0,0.0,0.3765297230246475,0.40477678747371354,0.654139142661732,0.0,0.0,0.0,0.0,0.1892993116217143,0.0,0.0,0.0,0.0,0.0465916638475362,0.8287464434626718,0.0,0.0178613038287641,0.713239828462158,0.0,0.0,0.1590747494576747,0.9999999999999998,0.0,0.1034342887736716,0.0,0.4418898344152644,0.7799202170580171,0.0,0.2109710736318082,0.0,0.514164742662288,0.0,0.0,0.4324563739300914,0.11001632941822441,0.1311810004089794,0.26125967912203496,0.0081991159248284,0.072762842329967,0.0,0.0,0.18785259178796082,0.09921659158090829,0.0,0.0146496298190943,0.0,0.007920609226661,0.0919427047376073,0.0,0.6221027394982269,0.0,0.0,0.197860088547885,0.0,0.0,0.0079075446827588,0.0924893937922669,0.9999999999999998,0.0,0.0,0.0878884091224085,0.056761337218115895,0.0,0.0,0.9687180246286063,0.0,0.0092485555562791,0.0,0.4748843458928752,0.055234456325053,0.0,0.8721016960412823,0.0,0.0,0.0,0.1372779118788388,0.022926846003606997,0.034662255565157,0.0,0.0376473971227718,0.0481067322590883,0.293988037281547,0.0,0.0,0.0,0.2220733759001735,0.0,0.0,0.0,0.0,0.0895754519414373,0.0,0.1219329086196837,0.0685314242743166,0.0254731585659859,0.60545133584213,0.0100288190570379,0.0,0.0181585610921421,0.0,0.0,0.0,0.0055600867190454,0.0,0.2679169684166624,0.0,0.0,0.0,0.0079384441215428,0.0,0.027393254584056,0.0,0.0175231980998096,0.0,0.9965365771808484,0.0,0.0,0.0312342117441113,0.0,0.0876112464975717,0.2347794904808629,0.0,0.0,0.0146925056511396,0.9828138309537247,0.0,0.0,0.0,0.0,0.0,0.60536215083165,0.035001556523578004,0.331969259027831,0.5902988872292037,0.0,1.0,0.36996548427552484,0.2033845143197777,0.0193195685587821,0.0,0.9066234232667743,0.0,0.361503929956996,0.18754284444734812,0.0,0.122203293311242,0.1742731551544927,0.0,0.7780193243090394,0.0,0.0,0.0,0.0,0.0,0.0,0.0174060108307453,0.9844189559205376,0.013145098606366,0.196482967384913,0.0,0.0,0.0,0.0,0.0,0.033741806233038,0.0738346287198346,0.8284516862250925,0.0,0.0233409997547707,0.0,0.046034373160991,0.0490648807931488,0.47192370730349165,0.831053150672604,0.0,0.0,0.0,0.0,0.0,0.0,0.0462548289031543,0.0,0.26042034842342077,0.0,0.0,0.0192468739268169,0.0,0.0615053891982182,0.0,0.0,0.0338150362453347,1.0,0.0,0.43750677357200196,0.0,0.0115409875374468,0.0,0.0778312839180386,0.0,0.0694180031984408,0.160080723331544,0.9947461123804799,0.107774422193381,0.0168060742843506,0.642962217952041,0.0,0.0,0.121381269534183,0.0,0.0,0.0,0.0,0.0,0.0,0.0474060829712485,0.0,0.0,0.0906855362408229,0.4157771015728851,0.133195825088691,0.618129813935493,0.055643975531644,0.0810020804017079,0.0,0.08355239538985759,0.0,0.0,0.0,1.0000000000000009,0.0,0.0,0.0,0.0,0.0,0.3970032117445836,0.0,0.287497393541137,0.0966770373435635,0.0,0.6739278733072044,0.0954199163332293,0.108845843225266,0.0,0.1579829811620861,0.9374951653099772,0.1500183920496038,0.9703814509657391,0.0,0.9839628336162934,0.0,0.0811570386072285,0.0,0.2074258704762517,0.0357253535126578,0.6219703588215914,0.0217939373289661,0.7558225543532423,0.0,0.0,0.4789906402355118,0.0,0.0,0.3034753619374787,0.0,0.0,0.0,0.1833970506060099,0.0156437750946201,0.0399853150430189,0.21528092707845178,0.5864562388578035,0.3900830982415699,0.0,0.0,0.163740321695064,0.0,0.0,0.0196839670221676,0.0,0.0,0.0,0.0,0.0,0.1369355123111652,0.0,0.0223556761012844,0.0530457782698109,0.0,0.9093120833707914,0.109978736621722,0.0,0.0097240738582207,0.0556904556422779,0.0,0.0,0.0,0.0,0.0,0.0769117130415959,0.0,0.034449790594428,0.0,0.2657835103321493,0.0157474523834941,0.0,0.2603283620900496,0.0,1.0000000000000002,0.0,0.4430308058109457,0.0,0.0,0.0141811310204482,0.32662756112400704,0.11366993837165379,0.0,0.9300622272323976,0.8069731185463431,0.0130498426916195,0.7272707498014912,0.2382887738684809,0.0,0.0,0.029703252941792997,0.0,0.0,0.0,0.0,0.0085957313911441,0.0,0.285042833043812,0.7936234883053986,0.0379579214080821,0.0633261792901629,0.0
VSM/P,0.4347429760018783,0.0,0.0,0.0,0.0,0.0816790841361917,0.1137837687664467,0.0,0.0121760257935329,0.0131325358790842,0.2040392844637959,0.0,0.0,0.0,0.0,0.0,0.0,0.0,0.0,0.0,0.0,0.0319042985589797,0.0225075258598747,0.0,0.0,0.0,0.022009048587301,0.0382615025995802,0.0,0.0,0.0,0.0,0.0,0.0,0.0,0.0219341145868719,0.009573718614275,0.0,0.0,0.0,0.0,0.0,0.0,0.0,0.0,0.0559408866017341,0.0,0.0088097574677692,0.0,0.0,0.0,0.0,0.0215615432649851,0.0519129962220743,0.0,0.0,0.0,0.0,0.0,0.0770771186934254,0.0,0.0,0.0,0.0,0.0,0.0,0.0,0.0,0.0,0.0101206346703787,0.0063009632597975,0.0,0.1009267831196668,0.0,0.0072227774493515,0.0,0.0,0.0,0.0,0.2557187183403096,0.5472644139043731,0.0,0.0,0.0,0.0,0.0,0.0,0.0960815028908787,0.0,0.0,0.1226588312976505,0.0,0.0,0.0,0.009645983241115,0.0,0.0,0.0,0.0120531251143042,0.0,0.0,0.0,0.0,0.0,0.0,0.0,0.0,0.0,0.0092295358677253,0.0388591858903336,0.0,0.0,0.0,0.0,0.0281607318914286,0.0,0.0,0.0,0.0,0.0,0.0,0.0,0.0,0.0,0.0,0.0,0.0,0.0,0.0,0.0,0.0,0.0,0.0,0.1031553169814886,0.0,0.0,0.0,0.0,0.0,0.0,0.0175254277837297,0.0,0.4147814682981247,0.0,0.5998389017546166,0.0,0.0,0.0677518469549938,0.0,0.0,0.0,0.0,0.0,0.1575671136716794,0.0,0.0,0.0,0.0,0.0,0.0,0.1323674974587727,0.0184761727841563,0.0,0.0,0.0062714809834115,0.0113941782010658,0.0,0.0,0.0,0.0,0.0,0.0,0.0864113855240182,0.0,0.0,0.07678393542794501,0.0,0.0,0.011826235300869,0.0,0.0648426123171669,0.0,0.0456281433466061,0.0,0.07001936223913,0.0,0.0,0.0,0.0,0.0,0.0,0.0451875734534513,0.0,0.0,0.0,0.0,0.016608079794686,0.0,0.0301871574793115,0.0,0.0,0.0,0.0,0.0534014987279498,0.0,0.0,0.0,0.0102924586156378,0.0,0.0087467762245326,0.0,0.0,0.0,0.0778610910671451,0.1539017117411737,0.010450509369305,0.0,0.0113754775961357,0.0,0.0,0.5761204212377191,0.0,0.0,0.0,0.0,0.0,0.0,0.0,0.315939080566629,0.049336821040223,0.0,0.0,0.0,0.025234788936633,0.0,0.0,0.0,0.0,0.0,0.0,0.0,0.0079170819402652,0.0,0.0773300571089252,0.0,0.0,0.0224698352324836,0.0,0.0,0.0,0.0,0.0262980794295659,0.0,0.0,0.0,0.0,0.0112941874733973,0.0429445548297801,0.0,0.20335264613127071,0.0,0.0,0.0,0.0,0.0,0.0,0.0,0.0,0.0,0.0,0.0,0.0,0.5977215078083685,0.0,0.0,0.0,0.0283392990512113,0.0,0.0,0.0,0.0,0.0,0.0,0.0,0.0,0.340054259694762,0.0,0.0,0.0,0.0,0.0,0.0,0.0358800407838114,0.0,0.0,0.0,0.0326060388722512,0.0,0.167103623170304,0.0,0.3765814162044459,0.0,0.0,0.0,0.0,0.0368728343669822,0.0,0.09976865723862441,0.0,0.0,0.0,0.0,0.0,0.0,0.0662179930234359,0.0,0.0,0.0,0.0970099599111123,0.0,0.0,0.0,0.0,0.0,0.0,0.0,0.0,0.0045674354959689,0.0,0.0,0.0,0.1279339875928667,0.0,0.0345689382501738,0.0,0.0,0.0,0.0,0.0,0.0,0.0,0.2280542259437204,0.0,0.0243103252808232,0.0,0.0,0.0,0.0,0.0,0.0,0.0,0.0090752580460238,0.0,0.0,0.0,0.0,0.0,0.0,0.0,0.01200557917888,0.0,0.0,0.09837625804424541,0.0,0.0,0.0,0.0,0.0713638474756642,0.0,0.0,0.0553394326282972,0.0,0.0,0.0,0.0,0.0,0.0,0.0,0.0,0.0,0.0270804892355354,0.6826500163277236,0.0339524215794281,0.0899639950388527,0.0,0.0,0.458463324411168,0.0081958359872669,0.0,0.0,0.0,0.0,0.0,0.0107235054246403,0.0,0.0,0.0,0.0,0.0,0.0,0.0,0.381065420419407,0.0,0.0456640660826109,0.0,0.0,0.0,0.0,0.213554088434874,0.0,0.0103542432160747,0.0,0.0,0.0,0.31860027599925,0.0,0.0,0.0,0.0,0.0,0.42190312948794095,0.0,0.0180385686084297,0.0,0.0166086545634116,0.0937299376968656,0.0078013502648543,0.0064887418441752,0.0,0.1640574252806575,0.0079600006199058,0.0939219439681129,0.0,0.0,0.0,0.0,0.0145013412260355
